이름,등급,타입,직업,제독여부,백병,박물,보급,심미,척후,투쟁적인 탐험가,호전적인 탐험가,꼼꼼한 탐험가,주의깊은 탐험가,성실한 탐험가,부지런한 탐험가,험지 평정,전투적인 채집,전투적인 관찰,해적 척결,맹수 척결,해적 사냥,맹수 사냥,관찰 공부,관측 후 채집,관측 후 전투,생물 관찰,관찰 채집,험지 관찰,관찰 심화,생물 채집,채집 우선 전투,채집 우선 관찰,험지 채집,채집 심화,채집 공부,탐사의 기본
조안 페레로,S+,모험,왕국 탐험가,True,68,236,363,448,236,0,0,0,0,0,1,0,0,0,1,0,1,0,0,0,0,0,1,0,0,0,0,0,0,0,0,0
카탈리나 에란초,S+,전투,해군 장교,True,469,66,92,42,111,0,0,0,0,0,0,0,0,0,0,0,0,0,0,0,0,0,0,0,0,0,0,0,0,0,0,0
알 베자스,S+,교역,오스만 무역상,True,68,212,157,186,141,0,0,0,0,0,0,0,0,0,0,0,0,0,0,0,0,0,0,0,0,0,0,0,0,0,0,0
옷토 스피노라,S+,전투,사략 해적,True,225,183,162,195,137,0,0,0,0,0,0,0,0,0,0,0,0,0,0,0,0,0,0,0,0,0,0,0,0,0,0,0
에르네스트 로페스,S+,모험,지리학 강사,True,68,478,224,363,239,0,0,0,0,0,0,0,0,0,0,1,0,0,1,1,0,0,0,0,0,0,0,0,0,0,0,0
피에트로 콘티,S+,모험,오지 탐험가,True,45,382,227,454,239,0,1,0,0,0,0,0,1,0,0,0,0,1,0,0,0,0,0,0,0,0,0,0,0,0,0,0
밀란다 베르테,S+,모험,비경 탐험가,True,90,236,227,363,472,0,0,0,1,0,0,0,0,1,0,0,0,0,0,0,0,0,0,0,0,0,0,0,0,0,0,0
살바도르 레이스,S+,전투,알제 해적,True,463,160,183,130,205,0,0,0,0,0,0,0,0,0,0,0,0,0,0,0,0,0,0,0,0,0,0,0,0,0,0,0
앤 보니,S+,전투,나사우 해적,True,469,137,208,171,160,0,0,0,0,0,0,0,0,0,0,0,0,0,0,0,0,0,0,0,0,0,0,0,0,0,0,0
사이이다 알 후라,S+,전투,테투안 영주,True,370,66,45,114,88,0,0,0,0,0,0,0,0,0,0,0,0,0,0,0,0,0,0,0,0,0,0,0,0,0,0,0
레온 페레로,S+,교역,페레로 가주,True,89,163,181,139,209,0,0,0,0,0,0,0,0,0,0,0,0,0,0,0,0,0,0,0,0,0,0,0,0,0,0,0
그레이스 오말리,S+,전투,아일랜드 해적,True,228,200,139,156,178,0,0,0,0,0,0,0,0,0,0,0,0,0,0,0,0,0,0,0,0,0,0,0,0,0,0,0
찬드 비비,S+,교역,비자푸르 섭정,True,113,212,161,184,141,0,0,0,0,0,0,0,0,0,0,0,0,0,0,0,0,0,0,0,0,0,0,0,0,0,0,0
이마이 사키,S+,교역,백화 상인,True,44,188,209,138,165,0,0,0,0,0,0,0,0,0,0,0,0,0,0,0,0,0,0,0,0,0,0,0,0,0,0,0
다테 마사무네,S+,교역,센다이 번주,True,90,186,209,139,163,0,0,0,0,0,0,0,0,0,0,0,0,0,0,0,0,0,0,0,0,0,0,0,0,0,0,0
누이 호쿠,S+,모험,유적 탐험가,True,46,377,227,239,472,0,0,0,0,0,0,0,0,0,0,0,0,0,0,0,1,0,0,0,0,0,0,0,0,0,0,0
김만덕,S+,교역,제주 상단 상인,True,65,165,134,212,188,0,0,0,0,0,0,0,0,0,0,0,0,0,0,0,0,0,0,0,0,0,0,0,0,0,0,0
홍길동,S+,모험,활빈당 당주,True,113,233,227,368,466,0,0,0,0,1,0,0,0,0,0,0,0,0,0,0,0,0,1,0,0,0,0,0,0,0,0,0
척계광,S+,전투,척가군 대장,True,370,86,118,66,43,0,0,0,0,0,0,0,0,0,0,0,0,0,0,0,0,0,0,0,0,0,0,0,0,0,0,0
정성공,S+,전투,충의지사,True,463,44,67,89,110,0,0,0,0,0,0,0,0,0,0,0,0,0,0,0,0,0,0,0,0,0,0,0,0,0,0,0
피리 레이스,S+,모험,오스만 제독,True,67,472,227,373,236,0,0,0,0,0,0,0,0,0,1,0,0,0,0,0,0,0,0,0,1,0,0,0,0,0,0,0
이순신,S+,전투,수군절도사,True,375,108,92,44,65,0,0,0,0,0,0,0,0,0,0,0,0,0,0,0,0,0,0,0,0,0,0,0,0,0,0,0
마리벨,S+,전투,방랑 해적,True,228,178,164,200,133,0,0,0,0,0,0,0,0,0,0,0,0,0,0,0,0,0,0,0,0,0,0,0,0,0,0,0
정화,S+,모험,태감,True,92,475,231,237,380,0,0,0,0,0,0,0,0,0,0,1,0,0,0,0,0,0,0,0,0,0,0,1,0,0,0,0
이올린 팬드래건,S+,전투,복수의 여왕,True,460,104,95,65,41,0,0,0,0,0,0,0,0,0,0,0,0,0,0,0,0,0,0,0,0,0,0,0,0,0,0,0
로잘리아 폴헴,S+,전투,조선소 소장,True,221,155,184,136,199,0,0,0,0,0,0,0,0,0,0,0,0,0,0,0,0,0,0,0,0,0,0,0,0,0,0,0
윌리엄 애덤스,S+,교역,남만 항해사,True,89,164,135,183,211,0,0,0,0,0,0,0,0,0,0,0,0,0,0,0,0,0,0,0,0,0,0,0,0,0,0,0
표트르 1세,S+,전투,차르,True,233,179,161,204,134,0,0,0,0,0,0,0,0,0,0,0,0,0,0,0,0,0,0,0,0,0,0,0,0,0,0,0
엘리자베스 셜랜드,S+,모험,잉글랜드 사략해적,True,115,375,225,469,234,0,0,0,0,0,0,0,0,0,1,0,1,0,0,0,1,0,0,0,0,0,0,0,0,0,0,0
일리아나 페레오스,S+,전투,자유로운 영웅,True,469,195,160,187,130,0,0,0,0,0,0,0,0,0,0,0,0,0,0,0,0,0,0,0,0,0,0,0,0,0,0,0
소연미,S+,교역,소가의 세가주,True,86,142,176,160,213,0,0,0,0,0,0,0,0,0,0,0,0,0,0,0,0,0,0,0,0,0,0,0,0,0,0,0
흑태자,S+,전투,죽음의 군주,True,478,188,184,132,146,1,1,0,0,0,0,0,0,0,0,0,0,0,0,0,0,0,0,0,0,0,0,0,0,0,0,0
라이너스 라쳇,S+,교역,북풍의 발명가,True,47,170,165,134,191,0,0,0,0,0,0,0,0,0,0,0,0,0,0,0,0,0,0,0,0,0,0,0,0,0,0,1
안사제,S,전투,특공대,False,403,153,152,165,115,0,0,0,0,0,0,0,0,0,0,0,0,0,0,0,0,0,0,0,0,0,0,0,0,0,0,0
모치즈키 치요메,S,전투,특공대,False,393,156,148,170,117,0,0,0,0,0,0,0,0,0,0,0,0,0,0,0,0,0,0,0,0,0,0,0,0,0,0,0
옹은설,S,모험,생물학자,False,82,409,156,129,159,0,0,0,0,1,0,0,0,1,0,0,0,1,0,0,0,0,0,0,0,0,0,0,0,0,0,0
미야모토 무사시,S,전투,백병대,False,403,115,196,128,153,0,0,0,0,0,0,0,0,0,0,0,0,0,0,0,0,0,0,0,0,0,0,0,0,0,0,0
시클라 샤란,S,전투,타격대,False,403,36,109,55,72,0,0,0,0,0,0,0,0,0,0,0,0,0,0,0,0,0,0,0,0,0,0,0,0,0,0,0
심광문,S,교역,가공상,False,36,157,117,191,179,0,0,0,0,0,0,0,0,0,0,0,0,0,0,0,0,0,0,0,0,0,0,0,0,0,0,0
백여우,S,교역,가축상,False,112,144,196,110,126,0,0,0,0,0,0,0,0,0,0,0,0,0,0,0,0,0,0,0,0,0,0,0,0,0,0,0
나타샤,S,교역,보석상,False,37,132,158,148,199,0,0,0,0,0,0,0,0,0,0,0,0,0,0,0,0,0,0,0,0,0,0,0,0,0,0,0
안젤리카,S,교역,협상가,False,57,132,165,148,199,0,0,0,0,0,0,0,0,0,0,0,0,0,0,0,0,0,0,0,0,0,0,0,0,0,0,0
메흐메트 슐루크,S,전투,타격대,False,398,36,107,55,73,0,0,0,0,0,0,0,0,0,0,0,0,0,0,0,0,0,0,0,0,0,0,0,0,0,0,0
G.S,S,모험,수석 항해사,False,38,139,166,154,417,0,0,0,0,0,0,0,0,0,0,0,0,0,0,0,0,0,0,0,1,0,0,0,0,0,0,0
로빈 보니르,S,교역,약품상,False,84,135,157,151,203,0,0,0,0,0,0,0,0,0,0,0,0,0,0,0,0,0,0,0,0,0,0,0,0,0,0,0
칼스 브란트,S,전투,조타원,False,156,90,44,76,54,0,0,0,0,0,0,0,0,0,0,0,0,0,0,0,0,0,0,0,0,0,0,0,0,0,0,0
쿤 그리어,S,모험,보급장,False,62,164,385,176,140,0,0,0,0,0,0,0,0,0,0,0,0,0,0,0,1,0,0,0,0,0,0,0,0,0,0,0
크로우,S,전투,백병대,False,411,116,198,133,154,0,0,0,0,0,0,0,0,0,0,0,0,0,0,0,0,0,0,0,0,0,0,0,0,0,0,0
사라 란드그리드,S,전투,유탄수,False,173,179,178,114,139,0,0,0,0,0,0,0,0,0,0,0,0,0,0,0,0,0,0,0,0,0,0,0,0,0,0,0
하야 벨,S,교역,회계사,False,37,200,147,171,133,0,0,0,0,0,0,0,0,0,0,0,0,0,0,0,0,0,0,0,0,0,0,0,0,0,0,0
카자 아미고,S,교역,염료상,False,102,178,176,128,156,0,0,0,0,0,0,0,0,0,0,0,0,0,0,0,0,0,0,0,0,0,0,0,0,0,0,0
예카테리나 1세,S,모험,수석 항해사,False,38,140,166,151,422,0,0,0,0,0,0,0,0,0,0,0,0,0,0,0,1,0,0,0,0,0,0,0,0,0,0,0
하이레딘 레이스,S,전투,대사수,False,183,157,137,168,137,0,0,0,0,0,0,0,0,0,0,0,0,0,0,0,0,0,0,0,0,0,0,0,0,0,0,0
나오에 가네쓰구,S,교역,협상가,False,58,135,166,151,203,0,0,0,0,0,0,0,0,0,0,0,0,0,0,0,0,0,0,0,0,0,0,0,0,0,0,0
미나카미 유카,S,전투,백병대,False,411,116,198,133,154,0,0,0,0,0,0,0,0,0,0,0,0,0,0,0,0,0,0,0,0,0,0,0,0,0,0,0
소피 로잘린 비도크,S,교역,보석상,False,37,133,161,149,200,0,0,0,0,0,0,0,0,0,0,0,0,0,0,0,0,0,0,0,0,0,0,0,0,0,0,0
클로에 드라보메,S,전투,특공대,False,406,154,154,168,116,0,0,0,0,0,0,0,0,0,0,0,0,0,0,0,0,0,0,0,0,0,0,0,0,0,0,0
석양,S,전투,조타장,False,154,54,88,95,36,0,0,0,0,0,0,0,0,0,0,0,0,0,0,0,0,0,0,0,0,0,0,0,0,0,0,0
블라드 3세,S,전투,특공대,False,409,167,157,178,125,0,0,0,0,0,0,0,0,0,0,0,0,0,0,0,0,0,0,0,0,0,0,0,0,0,0,0
케이타 자하라,S,전투,백병대,False,411,116,198,133,154,0,0,0,0,0,0,0,0,0,0,0,0,0,0,0,0,0,0,0,0,0,0,0,0,0,0,0
비비엔 하트,S,전투,수리공,False,117,124,200,154,166,0,0,0,0,0,0,0,0,0,0,0,0,0,0,0,0,0,0,0,0,0,0,0,0,0,0,0
아델라 플라멩코,S,교역,향료상,False,58,178,190,128,156,0,0,0,0,0,0,0,0,0,0,0,0,0,0,0,0,0,0,0,0,0,0,0,0,0,0,0
엘리자베스 팬드래건,S,교역,협상가,False,58,135,164,149,203,0,0,0,0,0,0,0,0,0,0,0,0,0,0,0,0,0,0,0,0,0,0,0,0,0,0,0
오필리어 버킹엄,S,교역,보석상,False,37,135,157,151,203,0,0,0,0,0,0,0,0,0,0,0,0,0,0,0,0,0,0,0,0,0,0,0,0,0,0,0
블랙 레이븐,S,교역,협상가,False,60,135,168,151,203,0,0,0,0,0,0,0,0,0,0,0,0,0,0,0,0,0,0,0,0,0,0,0,0,0,0,0
안젤라 레오니다스,S,전투,백병대,False,401,119,195,133,159,0,0,0,0,0,0,0,0,0,0,0,0,0,0,0,0,0,0,0,0,0,0,0,0,0,0,0
선희,S,교역,가축상,False,105,180,182,130,158,0,0,0,0,0,0,0,0,0,0,0,0,0,1,0,0,0,0,0,0,0,0,0,0,0,0,0
임화,S,교역,방적상,False,37,158,117,195,180,0,0,0,0,0,0,0,0,0,0,0,0,0,0,0,0,0,0,0,0,0,0,0,0,0,1,0
아르칸 베르다드,S,교역,가공상,False,37,158,117,195,180,0,0,0,0,0,0,0,0,0,0,0,0,0,0,0,0,0,0,0,0,0,0,0,0,0,1,0
예바,S,교역,미술상,False,77,203,133,171,135,0,0,0,0,0,0,0,0,0,0,0,0,0,0,0,0,0,0,0,0,0,0,0,0,0,0,0
잉게보르크,S,모험,상담사,False,37,137,353,151,183,0,0,1,0,0,0,0,0,0,0,0,0,0,0,0,0,0,1,0,0,0,0,0,0,0,0,0
상경,S,교역,방적상,False,37,158,117,192,180,0,0,0,0,0,0,0,0,0,0,0,0,0,0,0,0,0,0,0,0,0,0,0,0,0,0,0
청린,S,교역,회계사,False,37,203,143,173,135,0,0,0,0,0,0,0,0,0,0,0,0,0,0,0,0,0,0,0,0,0,0,0,0,0,0,0
마와르,S,교역,향료상,False,58,178,190,128,156,0,0,0,0,0,0,0,0,0,0,0,0,0,0,0,0,0,0,0,0,0,0,0,0,0,0,0
켈레벡,S,모험,생물학자,False,83,422,152,130,164,0,0,0,0,1,0,0,0,1,0,0,0,1,0,0,0,0,0,0,0,0,0,0,0,0,0,0
니타,S,전투,백병대,False,417,117,200,133,157,0,0,0,0,0,0,0,0,0,0,0,0,0,0,0,0,0,0,0,0,0,0,0,0,0,0,0
코르넬리아,S,전투,유탄수,False,176,174,183,112,135,0,0,0,0,0,0,0,0,0,0,0,0,0,0,0,0,0,0,0,0,0,0,0,0,0,0,0
아니사,S,모험,측량사,False,59,140,145,173,422,0,0,1,0,0,0,0,0,0,0,0,0,0,0,0,0,0,0,0,0,0,1,0,0,0,0,0
아이셀,S,모험,수석 항해사,False,39,139,168,154,417,0,0,0,0,0,0,0,0,0,0,0,0,0,0,0,0,0,0,0,0,0,1,0,0,0,0,0
가은정,S,모험,통역가,False,38,187,119,390,164,0,0,1,0,0,0,0,0,0,0,0,1,0,0,1,0,0,0,0,0,0,0,0,0,0,0,0
타츠마루,S,모험,예술학자,False,104,422,139,130,187,0,0,0,0,1,0,0,0,0,0,0,0,0,0,0,0,0,0,0,0,0,0,1,0,0,0,0
메레,S,전투,조타장,False,156,55,89,95,36,0,0,0,0,0,0,0,0,0,0,0,0,0,0,0,0,0,0,0,0,0,0,0,0,0,0,0
네일리,S,전투,유탄수,False,180,176,183,114,137,0,0,0,0,0,0,0,0,0,0,0,0,0,0,0,0,0,0,0,0,0,0,0,0,0,0,0
말리날리,S,전투,백병대,False,417,117,200,133,157,0,0,0,0,0,0,0,0,0,0,0,0,0,0,0,0,0,0,0,0,0,0,0,0,0,0,0
울로리악,S,모험,상담사,False,39,139,364,154,185,0,0,1,0,0,0,0,0,0,0,0,0,0,0,0,0,1,0,0,0,0,0,0,0,0,0,0
연희,S,교역,투자가,False,60,180,190,130,158,0,0,0,0,0,0,0,0,0,0,0,0,0,0,0,0,0,0,0,0,0,0,0,0,0,0,0
무영,S,모험,예술학자,False,104,417,139,130,185,0,0,0,0,1,0,0,0,0,0,0,1,0,0,0,0,0,0,0,0,1,0,0,0,0,0,0
인두마티,S,모험,지리학자,False,59,422,133,173,140,0,0,1,0,0,1,0,0,0,0,0,0,0,0,0,0,0,1,0,0,0,0,0,0,0,0,0
아난드,S,전투,전문의,False,154,55,90,43,92,0,0,0,0,0,0,0,0,0,0,0,0,0,0,0,0,0,0,0,0,0,0,0,0,0,0,0
치트랄리,S,전투,전문의,False,154,60,89,45,101,0,0,0,0,0,0,0,0,0,0,0,0,0,0,0,0,0,0,0,0,0,0,0,0,0,0,0
타마,S,전투,타격대,False,406,36,111,55,72,0,0,0,0,0,0,0,0,0,0,0,0,0,0,0,0,0,0,0,0,0,0,0,0,0,0,0
남혜,S,모험,수렵가,False,102,158,116,390,180,0,1,0,0,0,0,0,0,0,0,0,0,0,0,1,0,0,0,0,0,0,0,0,0,0,0,0
벤자밍,S,전투,조타수,False,154,135,180,110,174,0,0,0,0,0,0,0,0,0,0,0,0,0,0,0,0,0,0,0,0,0,0,0,0,0,0,0
가더,S,모험,수렵가,False,107,162,117,396,185,1,1,0,0,0,0,0,0,0,0,0,0,1,0,0,0,0,0,0,0,0,0,0,0,0,0,0
돌로리스,S,모험,탐험가,False,104,140,152,396,164,0,0,0,0,0,0,0,0,0,0,0,0,0,0,0,0,0,0,0,0,0,0,0,0,0,0,0
타마야,S,전투,조타수,False,154,135,178,112,174,0,0,0,0,0,0,0,0,0,0,0,0,0,0,0,0,0,0,0,0,0,0,0,0,0,0,0
나오미,S,교역,주류상,False,104,200,135,173,133,0,0,0,0,0,0,0,0,0,0,0,0,0,0,0,0,0,0,0,0,0,0,0,0,0,0,0
자령,S,모험,항해장,False,85,185,121,154,417,0,0,0,0,0,0,0,0,0,1,0,0,0,0,0,0,1,0,0,0,0,0,0,0,0,0,0
엘리프,S,모험,탐험가,False,108,140,159,396,164,0,0,0,0,0,0,0,0,0,0,0,0,0,0,0,0,0,1,0,0,0,0,0,0,0,0,0
설,S,모험,상담사,False,39,139,369,151,185,0,0,1,0,0,0,0,0,0,0,0,0,0,2,0,0,0,0,0,0,0,1,0,0,0,0,0
잔수,S,모험,위생사,False,61,139,380,176,162,0,0,1,0,0,0,0,0,0,0,0,0,0,0,0,0,0,0,0,1,0,0,0,0,0,0,0
루도,S,모험,생물학자,False,83,422,152,130,164,0,0,0,0,1,0,0,0,0,0,0,1,1,1,0,0,0,0,0,0,0,1,0,0,0,0,0
제바히르,S,모험,예술학자,False,104,422,139,130,187,0,0,0,0,1,0,0,1,0,0,0,0,0,0,0,0,0,0,0,0,0,0,0,0,0,0,0
아세네트,S,전투,타격대,False,411,36,110,57,72,0,0,0,0,0,0,0,0,0,0,0,0,0,0,0,0,0,0,0,0,0,0,0,0,0,0,0
아델리나,S,교역,방적상,False,37,158,117,195,180,0,0,0,0,0,0,0,0,0,0,0,0,0,0,0,0,0,0,0,0,0,0,0,0,0,0,1
푸르나마,S,전투,수리공,False,124,119,203,154,159,0,0,0,0,0,0,0,0,0,0,0,0,0,0,0,0,0,0,0,0,0,0,0,0,0,0,0
수니타,S,교역,식품상,False,83,200,135,173,133,0,0,0,0,0,0,0,0,0,0,0,0,0,0,0,0,0,0,0,0,0,0,0,0,0,0,0
스틴,S,전투,함포수,False,173,73,66,38,92,0,0,0,0,0,0,0,0,0,0,0,0,0,0,0,0,0,0,0,0,0,0,0,0,0,0,0
파트리스,S,교역,식품상,False,83,200,135,173,133,0,0,0,0,0,0,0,0,0,0,0,0,0,0,0,0,0,0,0,0,0,0,0,0,0,0,0
랏바우트,S,교역,식품상,False,82,200,137,171,133,0,0,0,0,0,0,0,0,0,0,0,0,0,0,0,0,0,0,0,0,0,0,0,0,0,0,0
가스파로 발비,S,교역,보석상,False,37,135,159,151,203,0,0,0,0,0,0,0,0,0,0,0,0,0,0,0,0,0,0,0,0,0,0,0,0,0,0,0
갈릴레오 갈릴레이,S,모험,측량사,False,56,134,138,165,403,0,0,1,0,0,0,0,0,1,0,0,0,0,0,0,0,0,0,0,0,0,0,0,0,0,0,0
나나미,S,모험,갑판장,False,39,148,127,170,382,1,0,0,0,0,0,0,0,0,0,0,0,0,1,0,0,0,0,0,0,1,0,0,0,0,0,0
도쿠가와 이에야스,S,교역,투자가,False,58,179,188,124,157,0,0,0,0,0,0,0,0,0,0,0,0,0,0,0,0,0,0,0,0,0,0,0,0,0,0,0
라시드 팬드래건,S,모험,항해장,False,83,185,119,154,417,0,0,0,0,0,0,0,0,1,1,0,0,0,0,0,0,0,0,0,0,0,0,0,0,0,0,0
레오나르도 다빈치,S,모험,예술학자,False,101,393,132,127,174,0,0,0,0,1,0,0,0,0,0,0,0,0,0,0,0,0,0,0,0,0,1,0,0,0,0,0
로베르토 에제키엘,S,전투,유탄수,False,167,188,174,108,146,0,0,0,0,0,0,0,0,0,0,0,0,0,0,0,0,0,0,0,0,0,0,0,0,0,0,0
로코 알렘켈,S,전투,조타장,False,152,57,86,85,38,0,0,0,0,0,0,0,0,0,0,0,0,0,0,0,0,0,0,0,0,0,0,0,0,0,0,0
류향령,S,교역,비단상,False,64,209,129,181,163,0,0,0,0,0,0,0,0,0,0,0,0,0,0,0,0,0,0,0,0,0,0,0,0,0,0,0
마르티네스,S,교역,협상가,False,60,135,168,151,203,0,0,0,0,0,0,0,0,0,0,0,0,0,0,0,0,0,0,0,0,0,0,0,0,0,0,0
마리 앙투아네트,S,교역,미술상,False,75,201,130,170,134,0,0,0,0,0,0,0,0,0,0,0,0,0,0,0,0,0,0,0,0,0,0,0,0,0,0,0
마리아 마가레타 키르히,S,모험,수석 항해사,False,38,134,163,144,403,0,0,0,0,0,0,0,0,0,0,0,0,0,0,1,0,0,0,1,0,0,0,0,0,0,0,0
마히데브란,S,전투,일반의,False,179,138,122,172,178,0,0,0,0,0,0,0,0,0,0,0,0,0,0,0,0,0,0,0,0,0,0,0,0,0,0,0
뮈에진자데 알리 파샤,S,전투,수리공,False,116,126,192,154,168,0,0,0,0,0,0,0,0,0,0,0,0,0,0,0,0,0,0,0,0,0,0,0,0,0,0,0
미령,S,모험,생물학자,False,83,411,152,130,160,0,0,0,0,1,0,0,0,0,0,0,0,1,0,0,0,0,0,0,0,0,1,0,0,0,0,0
미카엘 에란초,S,전투,함포수,False,176,73,67,38,92,0,0,0,0,0,0,0,0,0,0,0,0,0,0,0,0,0,0,0,0,0,0,0,0,0,0,0
바니 카우르,S,전투,특공대,False,406,154,154,168,116,0,0,0,0,0,0,0,0,0,0,0,0,0,0,0,0,0,0,0,0,0,0,0,0,0,0,0
바솔로뮤 로버츠,S,교역,보석상,False,37,134,158,148,201,0,0,0,0,0,0,0,0,0,0,0,0,0,0,0,0,0,0,0,0,0,0,0,0,0,0,0
바스쿠 다가마,S,모험,측량사,False,61,134,136,163,403,0,0,1,0,0,0,0,0,0,0,0,0,0,0,0,0,0,0,0,0,0,0,1,0,0,0,0
바토리 에르제베트,S,교역,보석상,False,39,127,163,148,191,0,0,0,0,0,0,0,0,0,0,0,0,0,0,0,0,0,0,0,0,0,0,0,0,0,0,0
베아트리체 엘레나,S,교역,식품상,False,82,200,137,171,133,0,0,0,0,0,0,0,0,0,0,0,0,0,0,0,0,0,0,0,0,0,0,0,0,0,0,0
벨라 드루체,S,교역,런던의 균형추,False,41,209,152,181,139,0,0,0,0,0,0,0,0,0,0,0,0,0,0,0,0,0,0,0,0,0,0,0,0,0,0,0
사피예 술탄,S,교역,투자가,False,58,177,186,122,155,0,0,0,0,0,0,0,0,0,0,0,0,0,0,0,0,0,0,0,0,0,0,0,0,0,0,0
소피아 알렉세예브나,S,모험,상담사,False,39,139,364,154,185,0,0,1,0,0,0,0,0,0,0,0,0,0,0,0,0,0,0,0,0,0,1,0,0,0,0,0
스티드 보닛,S,교역,가축상,False,102,178,184,128,156,0,0,0,0,0,0,0,0,0,0,0,0,0,0,0,0,0,0,0,0,0,0,0,0,0,0,0
시나 린다이,S,교역,향료상,False,60,178,192,130,156,0,0,0,0,0,0,0,0,0,0,0,0,0,0,0,0,0,0,0,0,0,0,0,0,0,0,0
심만삼,S,교역,투자가,False,58,178,192,128,156,0,0,0,0,0,0,0,0,0,0,0,0,0,0,0,0,0,0,0,0,0,0,0,0,0,0,0
아고스티노 바르바리고,S,교역,베네치아 총독,False,43,181,196,159,136,0,0,0,0,0,0,0,0,0,0,0,0,0,0,0,0,0,0,0,0,0,0,0,0,0,0,0
알레시아 세레티,S,전투,타격대,False,417,36,111,57,73,0,0,0,0,0,0,0,0,0,0,0,0,0,0,0,0,0,0,0,0,0,0,0,0,0,0,0
아르드비,S,교역,보석상,False,37,132,163,148,199,0,0,0,0,0,0,0,0,0,0,0,0,0,0,0,0,0,0,0,0,0,0,0,0,0,0,0
아멜리아 셜랜드,S,모험,통역가,False,39,185,121,396,162,0,0,1,0,0,0,0,0,0,0,0,1,0,0,0,0,0,0,0,0,0,0,0,0,1,0,0
아미나,S,전투,타격대,False,398,37,104,57,75,0,0,0,0,0,0,0,0,0,0,0,0,0,0,0,0,0,0,0,0,0,0,0,0,0,0,0
아이든 레이스,S,전투,특공대,False,398,163,150,172,122,0,0,0,0,0,0,0,0,0,0,0,0,0,0,0,0,0,0,0,0,0,0,0,0,0,0,0
아이작 뉴턴,S,모험,왕립학회장,False,63,460,212,363,230,0,0,0,0,0,0,0,0,0,0,0,1,1,0,0,0,0,0,0,0,1,0,0,0,0,0,0
안드레스 데우르다네타,S,모험,고고학자,False,37,403,118,150,179,0,0,0,0,0,0,0,0,0,0,1,0,0,0,0,0,0,0,0,0,0,0,0,0,1,0,0
알라마트 니 우르두자,S,전투,타격대,False,406,36,110,56,72,0,0,0,0,0,0,0,0,0,0,0,0,0,0,0,0,0,0,0,0,0,0,0,0,0,0,0
알베르트,S,교역,식품상,False,82,196,138,167,131,0,0,0,0,0,0,0,0,0,0,0,0,0,0,0,0,0,0,0,0,0,0,0,0,0,0,0
알프레드 로우,S,모험,위생사,False,59,138,372,172,161,0,0,1,0,0,0,0,0,0,0,0,0,0,0,0,0,0,0,0,0,0,0,0,0,1,0,0
에드워드 티치,S,전투,대사수,False,183,157,137,168,137,0,0,0,0,0,0,0,0,0,0,0,0,0,0,0,0,0,0,0,0,0,0,0,0,0,0,0
에르난 베리오,S,전투,조타장,False,137,65,80,104,43,0,0,0,0,0,0,0,0,0,0,0,0,0,0,0,0,0,0,0,0,0,0,0,0,0,0,0
오다 노부나가,S,전투,함포수,False,170,78,65,36,97,0,0,0,0,0,0,0,0,0,0,0,0,0,0,0,0,0,0,0,0,0,0,0,0,0,0,0
오렐리,S,모험,수석 항해사,False,39,139,171,151,417,0,0,0,0,0,0,0,0,0,0,0,0,0,2,0,0,0,0,0,1,0,0,0,0,0,1,0
오루츠 레이스,S,전투,조타원,False,155,91,44,74,55,0,0,0,0,0,0,0,0,0,0,0,0,0,0,0,0,0,0,0,0,0,0,0,0,0,0,0
오즈월드 레밍톤,S,전투,조선공,False,147,79,95,65,39,0,0,0,0,0,0,0,0,0,0,0,0,0,0,0,0,0,0,0,0,0,0,0,0,0,0,0
우미노 스텔라,S,교역,협상가,False,58,135,166,151,203,0,0,0,0,0,0,0,0,0,0,0,0,0,0,0,0,0,0,0,0,0,0,0,0,0,0,0
윌리엄 셜랜드,S,전투,조타장,False,151,58,86,96,38,0,0,0,0,0,0,0,0,0,0,0,0,0,0,0,0,0,0,0,0,0,0,0,0,0,0,0
이칼 반 루벤,S,모험,수렵가,False,105,162,119,390,185,1,1,0,0,0,0,0,0,0,0,0,0,0,0,0,0,0,0,0,0,0,0,0,0,0,0,0
이토 리츠카,S,교역,투자가,False,58,180,184,130,158,0,0,0,0,0,0,0,0,0,0,0,0,0,0,0,0,0,0,0,0,0,0,0,0,0,0,0
입부,S,전투,조타수,False,133,147,166,124,190,0,0,0,0,0,0,0,0,0,0,0,0,0,0,0,0,0,0,0,0,0,0,0,0,0,0,0
잔 다르크,S,전투,특공대,False,401,159,151,171,119,0,0,0,0,0,0,0,0,0,0,0,0,0,0,0,0,0,0,0,0,0,0,0,0,0,0,0
장 플뢰리,S,전투,함포수,False,177,75,68,33,94,0,0,0,0,0,0,0,0,0,0,0,0,0,0,0,0,0,0,0,0,0,0,0,0,0,0,0
장금,S,전투,전문의,False,145,58,86,44,96,0,0,0,0,0,0,0,0,0,0,0,0,0,0,0,0,0,0,0,0,0,0,0,0,0,0,0
전우치,S,교역,주류상,False,104,188,140,165,125,0,0,0,0,0,0,0,0,0,0,0,0,0,0,0,0,0,0,0,0,0,0,0,0,0,0,0
제임스 쿡,S,모험,조범수,False,62,181,138,372,136,1,0,0,0,0,0,0,0,0,0,0,0,0,0,0,0,0,1,0,0,0,0,0,0,0,0,0
조커 다실버,S,전투,설계사,False,172,117,107,126,78,0,0,0,0,0,0,0,0,0,0,0,0,0,0,0,0,0,0,0,0,0,0,0,0,0,0,0
존 호킨스,S,전투,대사수,False,172,160,132,170,140,0,0,0,0,0,0,0,0,0,0,0,0,0,0,0,0,0,0,0,0,0,0,0,0,0,0,0
죽음의 신 루돌프,S,전투,백병대,False,398,120,194,132,160,0,0,0,0,0,0,0,0,0,0,0,0,0,0,0,0,0,0,0,0,0,0,0,0,0,0,0
줄리 도비니,S,전투,타격대,False,359,41,104,55,83,0,0,0,0,0,0,0,0,0,0,0,0,0,0,0,0,0,0,0,0,0,0,0,0,0,0,0
진양옥,S,전투,백병대,False,393,117,191,132,156,0,0,0,0,0,0,0,0,0,0,0,0,0,0,0,0,0,0,0,0,0,0,0,0,0,0,0
체사레 보르자,S,교역,협상가,False,58,132,167,144,199,0,0,0,0,0,0,0,0,0,0,0,0,0,0,0,0,0,0,0,0,0,0,0,0,0,0,0
최무선,S,전투,대사수,False,167,165,129,170,144,0,0,0,0,0,0,0,0,0,0,0,0,0,0,0,0,0,0,0,0,0,0,0,0,0,0,0
카라 룸루,S,교역,잡화상,False,58,155,122,194,177,0,0,0,0,0,0,0,0,0,0,0,0,0,0,0,0,0,0,0,0,0,0,0,0,0,0,0
카라 마우에,S,교역,잡화상,False,58,158,123,195,180,0,0,0,0,0,0,0,0,0,0,0,0,0,0,0,0,0,0,0,0,0,0,0,0,0,0,0
카를라 리치에리,S,전투,특공대,False,411,154,154,171,116,0,0,0,0,0,0,0,0,0,0,0,0,0,0,0,0,0,0,0,0,0,0,0,0,0,0,0
쿠알라 빈티 파하이비,S,모험,지리학자,False,60,417,137,173,139,0,0,1,0,0,1,0,0,0,0,0,0,0,0,0,0,0,0,0,1,0,0,0,0,0,0,0
크리스토발 콜론,S,모험,탐험가,False,101,136,153,388,159,0,0,0,0,0,0,0,0,0,0,0,0,0,0,0,0,0,0,0,0,1,0,0,0,0,0,0
크리스티나,S,전투,수련의,False,117,99,42,83,59,0,0,0,0,0,0,0,0,0,0,0,0,0,0,0,0,0,0,0,0,0,0,0,0,0,0,0
클라라 반 슈네,S,교역,순백의 상인,False,104,141,150,209,188,0,0,0,0,0,0,0,0,0,0,0,0,0,0,0,0,0,0,0,0,0,0,0,0,0,0,1
클라스 라슨 플레밍,S,전투,조타장,False,156,58,88,98,39,0,0,0,0,0,0,0,0,0,0,0,0,0,0,0,0,0,0,0,0,0,0,0,0,0,0,0
토고 그리마니,S,전투,특공대,False,406,154,156,166,116,0,0,0,0,0,0,0,0,0,0,0,0,0,0,0,0,0,0,0,0,0,0,0,0,0,0,0
토마스 튜,S,전투,조타수,False,146,140,172,113,180,0,0,0,0,0,0,0,0,0,0,0,0,0,0,0,0,0,0,0,0,0,0,0,0,0,0,0
트레볼 에스티브라,S,모험,조범수,False,62,187,139,396,140,1,0,0,0,0,0,0,0,0,0,0,0,0,0,0,0,1,0,0,0,0,0,0,0,0,0,0
티노카틀,S,모험,수렵가,False,104,159,117,372,181,0,1,0,0,0,0,0,0,0,0,0,0,0,0,0,0,0,0,0,0,0,0,1,0,0,0,0
페르난도 데마가야네스,S,모험,항해장,False,80,179,117,150,403,0,0,0,0,0,0,0,0,0,1,0,0,0,0,0,0,1,0,0,0,0,0,0,0,0,0,0
프랜시스 드레이크,S,모험,갑판장,False,39,159,125,163,409,1,0,0,0,0,0,0,0,0,0,0,0,0,1,0,0,1,0,0,0,0,0,0,0,0,0,0
하산,S,전투,백병대,False,406,119,195,133,159,0,0,0,0,0,0,0,0,0,0,0,0,0,0,0,0,0,0,0,0,0,0,0,0,0,0,0
하웰 데이비스,S,전투,타격대,False,409,38,109,50,76,0,0,0,0,0,0,0,0,0,0,0,0,0,0,0,0,0,0,0,0,0,0,0,0,0,0,0
하코보 포르툰데,S,교역,광물상,False,37,132,163,148,199,0,0,0,0,0,0,0,0,0,0,0,0,0,0,0,0,0,0,0,0,0,0,0,0,0,0,0
호레이쇼 넬슨,S,전투,조타장,False,155,55,88,93,36,0,0,0,0,0,0,0,0,0,0,0,0,0,0,0,0,0,0,0,0,0,0,0,0,0,0,0
황진,S,모험,예술학자,False,101,414,136,129,184,0,0,0,0,1,0,0,1,0,0,0,0,0,0,0,0,0,0,0,0,0,0,0,0,0,0,0
가르시아 알바레스,A,교역,잡화상,False,31,72,58,100,82,0,0,0,0,0,0,0,0,0,0,0,0,0,0,0,0,0,0,0,0,0,0,0,0,0,0,0
가스팔 신트라,A,전투,수련의,False,58,49,21,44,29,0,0,0,0,0,0,0,0,0,0,0,0,0,0,0,0,0,0,0,0,0,0,0,0,0,0,0
가스팔 피렐리,A,교역,협상가,False,29,66,85,74,99,0,0,0,0,0,0,0,0,0,0,0,0,0,0,0,0,0,0,0,0,0,0,0,0,0,0,0
가이타나,A,전투,특공대,False,201,81,74,86,61,0,0,0,0,0,0,0,0,0,0,0,0,0,0,0,0,0,0,0,0,0,0,0,0,0,0,0
가타쿠라 가게쓰나,A,전투,대사수,False,86,78,66,83,68,0,0,0,0,0,0,0,0,0,0,0,0,0,0,0,0,0,0,0,0,0,0,0,0,0,0,0
가토 기요마사,A,전투,특공대,False,194,83,74,81,62,0,0,0,0,0,0,0,0,0,0,0,0,0,0,0,0,0,0,0,0,0,0,0,0,0,0,0
공손포월,A,모험,항해장,False,44,76,64,67,171,0,0,0,0,0,0,0,0,0,0,0,0,0,0,0,0,0,0,0,0,0,0,0,0,0,0,0
구스타브 2세 아돌프,A,전투,함포수,False,86,39,32,18,49,0,0,0,0,0,0,0,0,0,0,0,0,0,0,0,0,0,0,0,0,0,0,0,0,0,0,0
구키 요시타카,A,전투,설계사,False,88,62,53,72,41,0,0,0,0,0,0,0,0,0,0,0,0,0,0,0,0,0,0,0,0,0,0,0,0,0,0,0
권준,A,전투,특공대,False,194,82,73,85,62,0,0,0,0,0,0,0,0,0,0,0,0,0,0,0,0,0,0,0,0,0,0,0,0,0,0,0
김조이,A,모험,상담사,False,22,57,194,65,76,0,0,1,0,0,0,0,0,0,0,0,0,0,0,0,0,0,0,0,0,0,0,0,0,0,0,0
김홍도,A,모험,예술학자,False,47,201,69,64,89,0,0,0,0,1,0,0,0,0,0,0,0,0,0,0,0,0,0,0,0,0,0,0,0,0,0,0
노국공주,A,모험,위생사,False,29,66,186,85,77,0,0,0,0,0,0,0,0,0,0,0,0,0,0,0,0,0,0,0,0,0,0,0,0,0,0,0
다가와 시치자에몬,A,전투,백병대,False,196,60,97,66,80,0,0,0,0,0,0,0,0,0,0,0,0,0,0,0,0,0,0,0,0,0,0,0,0,0,0,0
다라 쉰,A,교역,향료상,False,29,88,93,63,77,0,0,0,0,0,0,0,0,0,0,0,0,0,0,0,0,0,0,0,0,0,0,0,0,0,0,0
돈 후안 데아우스트리아,A,전투,조타수,False,75,70,86,56,90,0,0,0,0,0,0,0,0,0,0,0,0,0,0,0,0,0,0,0,0,0,0,0,0,0,0,0
디안 드푸아티에,A,교역,회계사,False,19,99,72,85,66,0,0,0,0,0,0,0,0,0,0,0,0,0,0,0,0,0,0,0,0,0,0,0,0,0,0,0
디에고 데아라나,A,교역,주류상,False,51,99,69,85,66,0,0,0,0,0,0,0,0,0,0,0,0,0,0,0,0,0,0,0,0,0,0,0,0,0,0,0
레베카 카틀란드,A,전투,설계사,False,85,61,52,78,41,0,0,0,0,0,0,0,0,0,0,0,0,0,0,0,0,0,0,0,0,0,0,0,0,0,0,0
레오 볼드윈,A,전투,조타장,False,73,29,42,48,19,0,0,0,1,0,0,0,0,0,0,0,0,0,0,0,0,0,0,0,0,0,0,0,0,0,0,0
루이 앙투안 드부갱빌,A,모험,갑판장,False,18,78,62,86,201,0,0,0,0,0,0,0,0,0,0,0,0,0,1,0,0,0,0,0,0,0,0,0,0,0,0,0
루이 코스타,A,교역,보석상,False,19,65,81,73,98,0,0,0,0,0,0,0,0,0,0,0,0,0,0,0,0,0,0,0,0,0,0,0,0,0,0,0
루크레치아 보르자,A,교역,염료상,False,46,88,90,63,77,0,0,0,0,0,0,0,0,0,0,0,0,0,0,0,0,0,0,0,0,0,0,0,0,0,0,0
루프마티,A,모험,상담사,False,20,67,170,75,89,0,0,1,0,0,0,0,0,0,0,0,0,0,0,0,0,0,0,0,0,0,0,0,0,0,0,0
마르거리트 드발루아,A,교역,회계사,False,18,99,73,86,66,0,0,0,0,0,0,0,0,0,0,0,0,0,0,0,0,0,0,0,0,0,0,0,0,0,0,0
마리아 지빌라 메리안,A,모험,생물학자,False,41,201,78,62,78,0,0,0,0,1,0,0,0,0,0,0,0,1,0,0,0,0,0,0,0,0,0,0,1,0,0,0
막달레나 카밀라,A,모험,위생사,False,28,67,183,86,78,0,0,0,0,0,0,0,0,0,0,0,0,0,0,0,0,0,0,0,0,0,0,0,0,0,0,0
메리 리드,A,전투,특공대,False,199,83,74,81,62,0,0,0,0,0,0,0,0,0,0,0,0,0,0,0,0,0,0,0,0,0,0,0,0,0,0,0
메리 스튜어트,A,교역,방적상,False,18,77,60,95,88,0,0,0,0,0,0,0,0,0,0,0,0,0,0,0,0,0,0,0,0,0,0,0,0,0,0,0
모리스,A,전투,특공대,False,188,75,70,79,56,0,0,0,0,0,0,0,0,0,0,0,0,0,0,0,0,0,0,0,0,0,0,0,0,0,0,0
바바라 팔머,A,교역,염료상,False,48,89,95,62,78,0,0,0,0,0,0,0,0,0,0,0,0,0,0,0,0,0,0,0,0,0,0,0,0,0,0,0
바스코 누녜스 데발보아,A,모험,고고학자,False,19,204,60,72,90,0,0,0,0,1,0,0,0,0,0,0,0,0,0,0,0,0,0,0,0,0,0,0,0,0,0,0
백동수,A,전투,백병대,False,204,57,97,65,76,0,0,0,0,0,0,0,0,0,0,0,0,0,0,0,0,0,0,0,0,0,0,0,0,0,0,0
베르날 로욜라,A,전투,조타수,False,73,72,83,56,93,0,0,0,0,0,0,0,0,0,0,0,0,0,0,0,0,0,0,0,0,0,0,0,0,0,0,0
샤를 달타냥,A,전투,타격대,False,199,19,52,27,39,0,0,0,0,0,0,0,0,0,0,0,0,0,0,0,0,0,0,0,0,0,0,0,0,0,0,0
샬롯 드베리,A,전투,조타원,False,77,49,22,38,29,0,0,0,0,0,0,0,0,0,0,0,0,0,0,0,0,0,0,0,0,0,0,0,0,0,0,0
슈발리에 럼,A,전투,타격대,False,198,19,52,28,38,0,0,0,0,0,0,0,0,0,0,0,0,0,0,0,0,0,0,0,0,0,0,0,0,0,0,0
스벤 구스타브손,A,전투,조선공,False,74,39,50,33,19,0,0,0,0,0,0,0,0,0,0,0,0,0,0,0,0,0,0,0,0,0,0,0,0,0,0,0
시모네타 베스푸치,A,교역,미술상,False,39,99,68,83,66,0,0,0,0,0,0,0,0,0,0,0,0,0,0,0,0,0,0,0,0,0,0,0,0,0,0,0
시오미 후우키치,A,모험,항해장,False,41,90,61,74,204,0,0,0,0,0,0,0,0,0,0,0,0,0,0,0,0,0,0,0,0,0,0,0,0,0,0,0
시티 완 켐방,A,모험,생물학자,False,41,208,77,65,81,1,0,0,0,0,0,0,0,0,0,0,0,1,0,0,0,0,0,0,0,0,0,0,0,0,0,0
아르망 장 뒤플레시,A,교역,투자가,False,29,88,93,63,77,0,0,0,0,0,0,0,0,0,0,0,0,0,0,0,0,0,0,0,0,0,0,0,0,0,0,0
아폰수 드알부케르크,A,전투,타격대,False,194,19,53,27,39,0,0,0,0,0,0,0,0,0,0,0,0,0,0,0,0,0,0,0,0,0,0,0,0,0,0,0
아흐메트 무히딘,A,전투,조타수,False,73,72,83,56,93,0,0,0,0,0,0,0,0,0,0,0,0,0,0,0,0,0,0,0,0,0,0,0,0,0,0,0
아흐메트 케말레딘,A,전투,조선공,False,73,39,48,33,19,0,0,0,0,0,0,0,0,0,0,0,0,0,0,0,0,0,0,0,0,0,0,0,0,0,0,0
안드레아 그리마니,A,전투,함포수,False,86,39,33,18,48,0,0,0,0,0,0,0,0,0,0,0,0,0,0,0,0,0,0,0,0,0,0,0,0,0,0,0
안드레아 도리아,A,전투,유탄수,False,86,93,88,54,72,0,0,0,0,0,0,0,0,0,0,0,0,0,0,0,0,0,0,0,0,0,0,0,0,0,0,0
안토니오 칸,A,전투,백병대,False,201,61,97,67,81,0,0,0,0,0,0,0,0,0,0,0,0,0,0,0,0,0,0,0,0,0,0,0,0,0,0,0
알렉산드르,A,모험,수석 항해사,False,18,63,79,71,191,1,0,0,0,0,0,0,0,0,0,0,0,0,0,0,0,0,0,0,0,0,0,0,0,0,0,0
알론소 데카르데나스,A,전투,유탄수,False,83,94,87,54,73,0,0,0,0,0,0,0,0,0,0,0,0,0,0,0,0,0,0,0,0,0,0,0,0,0,0,0
알브레히트 발렌슈타인,A,전투,조타수,False,76,71,87,57,91,0,0,0,0,0,0,0,0,0,0,0,0,0,0,0,0,0,0,0,0,0,0,0,0,0,0,0
에드워드 로우,A,전투,대사수,False,91,78,68,84,68,0,0,0,0,0,0,0,0,0,0,0,0,0,0,0,0,0,0,0,0,0,0,0,0,0,0,0
에드워드 잉글랜드,A,전투,조타장,False,75,28,41,47,19,0,0,0,1,0,0,0,0,0,0,0,0,0,0,0,0,0,0,0,0,0,0,0,0,0,0,0
에르난 오브레곤,A,전투,타격대,False,183,18,50,26,36,0,0,0,0,0,0,0,0,0,0,0,0,0,0,0,0,0,0,0,0,0,0,0,0,0,0,0
에스메랄다,A,모험,보급장,False,30,79,192,86,67,0,0,0,0,0,0,0,0,0,0,0,0,0,0,0,0,0,0,0,0,0,0,0,0,0,0,0
엔히크 드아비스,A,교역,투자가,False,29,88,94,63,77,0,0,0,0,0,0,0,0,0,0,0,0,0,0,0,0,0,0,0,0,0,0,0,0,0,0,0
올리비아 맨더빌,A,모험,탐험가,False,52,67,77,198,79,0,0,0,0,0,0,0,0,0,0,0,0,0,0,0,0,0,0,0,0,0,0,0,0,0,0,0
와씨,A,전투,특공대,False,194,82,73,86,62,0,0,0,0,0,0,0,0,0,0,0,0,0,0,0,0,0,0,0,0,0,0,0,0,0,0,0
왕경홍,A,모험,통역가,False,19,90,59,198,79,0,0,0,0,0,0,0,0,0,0,1,1,0,0,0,0,0,0,0,0,0,0,0,0,0,0,0
요하네스 케플러,A,모험,측량사,False,28,68,72,83,204,0,0,0,0,0,0,1,0,0,0,0,0,0,0,0,0,0,0,0,0,0,0,0,0,0,0,0
윌리엄 키드,A,전투,유탄수,False,87,91,88,57,71,0,0,0,0,0,0,0,0,0,0,0,0,0,0,0,0,0,0,0,0,0,0,0,0,0,0,0
유지,A,교역,회계사,False,18,103,72,85,69,0,0,0,0,0,0,0,0,0,0,0,0,0,0,0,0,0,0,0,0,0,0,0,0,0,0,0
이븐 바투타,A,모험,탐험가,False,52,68,78,186,79,0,0,0,0,1,0,1,0,0,0,0,0,0,0,0,0,0,0,0,0,0,0,0,0,0,0,0
이사벨라 데스테,A,교역,협상가,False,30,67,86,77,101,0,0,0,0,0,0,0,0,0,0,0,0,0,0,0,0,0,0,0,0,0,0,0,0,0,0,0
이시카와 야스에몬,A,전투,백병대,False,194,66,95,69,88,0,0,0,0,0,0,0,0,0,0,0,0,0,0,0,0,0,0,0,0,0,0,0,0,0,0,0
임꺽정,A,전투,백병대,False,201,61,97,67,81,0,0,0,1,0,0,0,0,0,0,0,0,0,0,0,0,0,0,0,0,0,0,0,0,0,0,0
임상옥,A,교역,회계사,False,18,100,72,85,67,0,0,0,0,0,0,0,0,0,0,0,0,0,0,0,0,0,0,0,0,0,0,0,0,0,0,0
잔 바레,A,모험,생물학자,False,41,201,75,62,78,1,0,0,0,0,0,0,0,0,0,0,0,1,0,0,0,0,0,0,0,0,0,0,0,0,0,0
조지 앤슨,A,전투,백병대,False,194,62,95,63,83,0,0,0,0,0,0,0,0,0,0,0,0,0,0,0,0,0,0,0,0,0,0,0,0,0,0,0
존 바이런,A,모험,갑판장,False,19,78,63,82,201,0,0,0,0,0,0,0,0,0,0,1,0,0,1,0,0,0,0,0,0,0,0,0,0,0,0,0
주앙 다노바,A,모험,수석 항해사,False,19,68,83,72,204,0,0,0,0,0,0,0,0,0,0,0,0,0,0,0,0,0,0,0,0,0,0,0,0,0,0,0
주화영,A,모험,갑판장,False,18,78,61,86,201,0,0,0,0,0,0,0,0,0,0,1,0,0,1,0,0,0,0,0,0,0,0,0,0,0,0,0
쩐흥다오,A,전투,특공대,False,198,83,73,87,62,0,0,0,0,0,0,0,0,0,0,0,0,0,0,0,0,0,0,0,0,0,0,0,0,0,0,0
카테리나 데메디치,A,교역,미술상,False,41,98,74,90,65,0,0,0,0,0,0,0,0,0,0,0,0,0,0,0,0,0,0,0,0,0,0,0,0,0,0,0
카테리나 스포르차,A,전투,유탄수,False,83,94,87,55,73,0,0,0,1,0,0,0,0,0,0,0,0,0,0,0,0,0,0,0,0,0,0,0,0,0,0,0
쿠말라하야티,A,전투,대사수,False,86,82,66,81,72,0,0,0,0,0,0,0,0,0,0,0,0,0,0,0,0,0,0,0,0,0,0,0,0,0,0,0
타도다호,A,전투,타격대,False,198,19,52,29,39,0,0,0,0,0,0,0,0,0,0,0,0,0,0,0,0,0,0,0,0,0,0,0,0,0,0,0
타치바나 긴치요,A,전투,백병대,False,199,60,94,67,80,0,0,0,0,0,0,0,0,0,0,0,0,0,0,0,0,0,0,0,0,0,0,0,0,0,0,0
투르구트 레이스,A,전투,함포수,False,87,38,33,19,48,0,0,0,0,0,0,0,0,0,0,0,0,0,0,0,0,0,0,0,0,0,0,0,0,0,0,0
피아 프로데,A,전투,설계사,False,89,61,53,78,41,0,0,0,0,0,0,0,0,0,0,0,0,0,0,0,0,0,0,0,0,0,0,0,0,0,0,0
필럼 헤인,A,전투,일반의,False,85,73,58,88,95,0,0,0,0,0,0,0,0,0,0,0,0,0,0,0,0,0,0,0,0,0,0,0,0,0,0,0
필리푸스 파라켈수스,A,전투,전문의,False,74,29,44,21,49,0,0,0,0,0,0,0,0,0,0,0,0,0,0,0,0,0,0,0,0,0,0,0,0,0,0,0
헨드릭 하멜,A,교역,약품상,False,41,65,79,73,98,0,0,0,0,0,0,0,0,0,0,0,0,0,0,0,0,0,0,0,0,0,0,0,0,0,0,0
호레스 디스탈디,A,전투,조타수,False,76,70,88,50,90,0,0,0,0,0,0,0,0,0,0,0,0,0,0,0,0,0,0,0,0,0,0,0,0,0,0,0
후안 폰세 데레온,A,모험,고고학자,False,18,201,59,75,89,0,0,1,0,0,0,0,0,0,0,0,0,0,0,0,0,0,0,0,0,0,0,0,0,0,0,0
휘렘 술탄,A,교역,식품상,False,39,99,74,85,66,0,0,0,0,0,0,0,0,0,0,0,0,0,0,0,0,0,0,0,0,0,0,0,0,0,0,0
휴 윌로비,A,모험,측량사,False,30,67,68,82,201,0,0,0,0,0,0,0,0,0,0,0,0,0,0,0,0,0,0,0,0,0,0,0,0,0,0,0
가스파르 데케사다,B,전투,백병대,False,73,23,35,23,31,0,0,0,0,0,0,0,0,0,0,0,0,0,0,0,0,0,0,0,0,0,0,0,0,0,0,0
가스파르 코르트 헤알,B,모험,갑판장,False,7,29,22,31,76,0,0,0,0,0,0,0,0,0,1,0,0,0,1,0,0,0,0,0,0,0,0,0,0,0,0,0
고계영,B,전투,전문의,False,28,10,16,8,18,0,0,0,0,0,0,0,0,0,0,0,0,0,0,0,0,0,0,0,0,0,0,0,0,0,0,0
고스와미 툴시다스,B,모험,상담사,False,7,25,66,28,33,0,0,0,0,0,0,0,0,0,0,0,0,0,0,0,0,0,0,0,0,0,0,0,0,0,0,0
고유강,B,교역,잡화상,False,11,29,23,36,33,0,0,0,0,0,0,0,0,0,0,0,0,0,0,0,0,0,0,0,0,0,0,0,0,0,0,0
곤살로 피사로,B,교역,광물상,False,7,24,30,27,37,0,0,0,0,0,0,0,0,0,0,0,0,0,0,0,0,0,0,0,0,0,0,0,0,0,0,0
권근,B,모험,상담사,False,7,25,66,28,33,0,0,0,0,1,0,0,0,0,0,0,0,0,0,0,0,0,0,0,0,0,0,0,0,0,0,0
기린아,B,전투,타격대,False,76,7,20,10,14,0,0,0,0,0,0,0,0,0,0,0,0,0,0,0,0,0,0,0,0,0,0,0,0,0,0,0
나니 마히나,B,모험,통역가,False,7,33,22,72,29,0,1,0,0,0,1,0,0,0,0,0,1,0,0,0,0,0,0,0,0,0,0,0,0,0,0,0
나대용,B,전투,수리공,False,22,23,37,28,30,0,0,0,0,0,0,0,0,0,0,0,0,0,0,0,0,0,0,0,0,0,0,0,0,0,0,0
노라 에켈멘디트,B,전투,조타원,False,28,17,8,14,10,0,0,0,0,0,0,0,0,0,0,0,0,0,0,0,0,0,0,0,0,0,0,0,0,0,0,0
니콜라스 데오반도,B,교역,광물상,False,7,24,30,27,37,0,0,0,0,0,0,0,0,0,0,0,0,0,0,0,0,0,0,0,0,0,0,0,0,0,0,0
니콜라스 쿠크베커,B,교역,방적상,False,7,28,22,34,32,0,0,0,0,0,0,0,0,0,0,0,0,0,0,0,0,0,0,0,0,0,0,0,0,0,0,0
니콜라우 코엘류,B,모험,측량사,False,11,25,25,31,75,0,0,0,0,0,0,0,0,0,0,0,0,0,0,0,0,0,0,0,0,0,0,0,0,0,0,0
니콜라우스 페데르만,B,모험,예술학자,False,19,76,26,23,34,0,1,0,0,1,1,0,0,0,0,0,0,0,0,0,0,0,0,0,0,0,0,0,0,0,0,0
니콜로 스테파노,B,모험,수렵가,False,19,29,21,70,34,1,1,0,0,0,0,0,0,0,0,0,1,0,0,0,0,0,0,0,0,0,0,0,0,0,0,0
다나카 쇼스케,B,교역,광물상,False,6,25,29,28,37,0,0,0,0,0,0,0,0,0,0,0,0,0,0,0,0,0,0,0,0,0,0,0,0,0,0,0
다니엘 미르자,B,전투,조선공,False,27,14,18,12,7,0,0,0,0,0,0,0,0,0,0,0,0,0,0,0,0,0,0,0,0,0,0,0,0,0,0,0
담윤현,B,교역,약품상,False,15,25,28,28,37,0,0,0,0,0,0,0,0,0,0,0,0,0,0,0,0,0,0,0,0,0,0,0,0,0,0,0
도날 나피오파,B,전투,조선공,False,27,14,18,12,7,0,0,0,0,0,0,0,0,0,0,0,0,0,0,0,0,0,0,0,0,0,0,0,0,0,0,0
도도 다카토라,B,전투,백병대,False,70,22,36,28,29,0,0,0,0,0,0,0,0,0,0,0,0,0,0,0,0,0,0,0,0,0,0,0,0,0,0,0
도리테 니버스,B,교역,식품상,False,15,37,24,32,25,0,0,0,0,0,0,0,0,0,0,0,0,0,0,0,0,0,0,0,0,0,0,0,0,0,0,0
두순영,B,전투,조타원,False,28,18,8,14,10,0,0,0,0,0,0,0,0,0,0,0,0,0,0,0,0,0,0,0,0,0,0,0,0,0,0,0
두아르테 바르보사,B,모험,통역가,False,7,33,22,70,29,0,0,0,0,0,1,0,0,0,0,0,1,0,0,0,0,0,0,0,0,0,0,0,0,0,0,0
두아르트 드메네즈스,B,전투,타격대,False,75,7,20,9,14,0,0,0,0,0,0,0,0,0,0,0,0,0,0,0,0,0,0,0,0,0,0,0,0,0,0,0
디에고 알바레스 창카,B,전투,일반의,False,32,27,21,33,35,0,0,0,0,0,0,0,0,0,0,0,0,0,0,0,0,0,0,0,0,0,0,0,0,0,0,0
디오구 드세케이라,B,교역,염료상,False,18,33,32,23,28,0,0,0,0,0,0,0,0,0,0,0,0,0,0,0,0,0,0,0,0,0,0,0,0,0,0,0
디오구 파군드스,B,모험,조범수,False,11,34,24,70,25,0,0,0,0,0,0,0,0,0,0,0,0,0,0,0,0,0,0,0,0,0,0,0,0,0,0,0
라 이카이카,B,교역,향료상,False,11,33,35,24,28,0,0,0,0,0,0,0,0,0,0,0,0,0,0,0,0,0,0,0,0,0,0,0,0,0,0,0
라울 핏치,B,교역,협상가,False,10,25,31,28,37,0,0,0,0,0,0,0,0,0,0,0,0,0,0,0,0,0,0,0,0,0,0,0,0,0,0,0
레베카 롤프,B,모험,통역가,False,7,33,22,72,29,0,1,0,0,0,1,0,0,0,0,0,1,0,0,0,0,0,0,0,0,0,0,0,0,0,0,0
레오 아프리카누스,B,교역,염료상,False,19,33,31,23,29,0,0,0,0,0,0,0,0,0,0,0,0,0,0,0,0,0,0,0,0,0,0,0,0,0,0,0
레이첼 월,B,전투,조타장,False,28,10,16,16,7,0,0,0,0,0,0,0,0,0,0,0,0,0,0,0,0,0,0,0,0,0,0,0,0,0,0,0
로드리고 데바스티다스,B,교역,향료상,False,11,32,36,23,28,0,0,0,0,0,0,0,0,0,0,0,0,0,0,0,0,0,0,0,0,0,0,0,0,0,0,0
로레다나 마르첼로,B,전투,수련의,False,22,18,8,16,10,0,0,0,0,0,0,0,0,0,0,0,0,0,0,0,0,0,0,0,0,0,0,0,0,0,0,0
로렌주 핀투,B,교역,회계사,False,7,37,27,31,24,0,0,0,0,0,0,0,0,0,0,0,0,0,0,0,0,0,0,0,0,0,0,0,0,0,0,0
로버트 로우,B,전투,조타수,False,27,26,32,20,34,0,0,0,0,0,0,0,0,0,0,0,0,0,0,0,0,0,0,0,0,0,0,0,0,0,0,0
로이드 스탓텐,B,모험,갑판장,False,7,29,23,31,75,0,0,0,0,0,0,0,0,0,1,0,0,0,1,0,0,0,0,0,0,0,0,0,0,0,0,0
로푸 드알베르가리아,B,교역,식품상,False,15,37,25,31,24,0,0,0,0,0,0,0,0,0,0,0,0,0,0,0,0,0,0,0,0,0,0,0,0,0,0,0
루이스 데토레스,B,모험,통역가,False,7,33,22,73,29,0,0,0,0,0,0,0,0,0,0,0,1,0,0,0,0,0,0,0,0,0,0,0,0,0,0,0
루이스 바에스 데토레스,B,모험,보급장,False,11,29,69,30,25,0,0,0,0,0,0,0,0,0,0,0,0,0,0,0,0,0,0,0,0,0,0,0,0,0,0,0
루이스 부르주아,B,전투,일반의,False,32,27,21,30,35,0,0,0,0,0,0,0,0,0,0,0,0,0,0,0,0,0,0,0,0,0,0,0,0,0,0,0
루이스 스콧,B,전투,특공대,False,75,31,28,29,23,0,0,0,0,0,0,0,0,0,0,0,0,0,0,0,0,0,0,0,0,0,0,0,0,0,0,0
리오노 아반츄라,B,전투,일반의,False,33,27,22,31,35,0,0,0,0,0,0,0,0,0,0,0,0,0,0,0,0,0,0,0,0,0,0,0,0,0,0,0
리차드 빙엄,B,전투,조선공,False,28,14,18,11,7,0,0,0,0,0,0,0,0,0,0,0,0,0,0,0,0,0,0,0,0,0,0,0,0,0,0,0
리차드 월리,B,전투,백병대,False,74,22,36,24,30,0,0,0,0,0,0,0,0,0,0,0,0,0,0,0,0,0,0,0,0,0,0,0,0,0,0,0
마르틴 루터,B,모험,상담사,False,7,25,66,27,34,0,0,0,0,0,0,0,0,0,0,0,0,0,0,0,0,0,0,0,0,0,0,0,0,0,0,0
마르틴 발보아,B,교역,염료상,False,19,32,31,23,28,0,0,0,0,0,0,0,0,0,0,0,0,0,0,0,0,0,0,0,0,0,0,0,0,0,0,0
마르틴 베하임,B,모험,측량사,False,11,25,24,31,76,0,0,0,0,0,0,0,0,0,0,0,0,0,0,0,0,0,0,0,0,0,0,0,0,0,0,0
마리 앤,B,전투,함포수,False,32,14,12,6,18,0,0,0,0,0,0,0,0,0,0,0,0,0,0,0,0,0,0,0,0,0,0,0,0,0,0,0
마슈 로이,B,모험,수렵가,False,19,29,21,70,34,0,1,0,0,0,0,0,1,0,0,0,0,1,0,0,0,0,0,0,0,0,0,0,0,0,0,0
마테오 리치,B,모험,통역가,False,7,33,22,70,29,0,1,0,1,0,0,0,0,0,0,0,1,0,0,0,0,0,0,0,0,0,0,0,0,0,0,0
마환,B,모험,통역가,False,7,34,22,73,29,0,0,0,0,0,0,0,0,0,0,0,1,0,0,0,0,0,0,0,0,0,0,0,0,0,0,0
문순득,B,교역,염료상,False,19,33,33,23,28,0,0,0,0,0,0,0,0,0,0,0,0,0,0,0,0,0,0,0,0,0,0,0,0,0,0,0
문익점,B,교역,방적상,False,7,28,23,35,33,0,0,0,0,0,0,0,0,0,0,0,0,0,0,0,0,0,0,0,0,0,0,0,0,0,0,0
뭄타즈 마할,B,모험,통역가,False,7,34,22,70,29,0,0,0,1,0,0,0,0,0,0,0,1,0,0,0,0,0,0,0,0,0,0,0,0,0,0,0
미겔 데세르반테스,B,모험,예술학자,False,19,76,25,23,34,0,0,0,0,0,0,0,0,1,0,0,1,0,0,0,0,0,0,0,0,0,0,0,0,0,0,0
미겔 로페스 데레가스피,B,전투,전문의,False,27,11,16,7,18,0,0,0,0,0,0,0,0,0,0,0,0,0,0,0,0,0,0,0,0,0,0,0,0,0,0,0
미겔 코르트 헤알,B,모험,보급장,False,11,29,69,30,25,0,0,0,0,0,0,0,0,0,0,0,0,0,0,0,0,0,0,0,0,0,0,0,0,0,0,0
미켈란젤로 부오나로티,B,교역,미술상,False,14,37,25,32,24,0,0,0,0,0,0,0,0,0,0,0,0,0,0,0,0,0,0,0,0,0,0,0,0,0,0,0
바스케스 데코로나도,B,모험,예술학자,False,19,75,26,23,33,0,1,0,1,0,0,0,0,0,0,0,0,0,0,0,0,0,0,0,0,0,0,0,0,0,0,0
바실리 골리친,B,모험,상담사,False,7,25,66,27,34,0,0,0,0,0,0,0,0,0,0,0,0,0,0,0,0,0,0,0,0,0,0,0,0,0,0,0
박타내,B,전투,함포수,False,33,17,11,8,22,0,0,0,0,0,0,0,0,0,0,0,0,0,0,0,0,0,0,0,0,0,0,0,0,0,0,0
벳키오,B,교역,잡화상,False,11,29,23,36,34,0,0,0,0,0,0,0,0,0,0,0,0,0,0,0,0,0,0,0,0,0,0,0,0,0,0,0
비라 알라케스바라,B,교역,회계사,False,6,37,27,31,24,0,0,0,0,0,0,0,0,0,0,0,0,0,0,0,0,0,0,0,0,0,0,0,0,0,0,0
비센테 야녜스 핀손,B,모험,보급장,False,11,29,69,32,25,0,0,0,0,0,0,0,0,0,0,0,0,0,0,0,0,0,0,0,0,0,0,0,0,0,0,0
비신,B,전투,함포수,False,35,14,13,7,18,0,0,0,0,0,0,0,0,0,0,0,0,0,0,0,0,0,0,0,0,0,0,0,0,0,1,0
빌럼 얀손,B,모험,측량사,False,11,25,24,32,75,0,0,0,0,0,0,0,0,0,0,0,0,0,0,0,0,0,0,0,0,0,0,0,0,0,0,0
사파,B,모험,항해장,False,14,33,23,26,75,0,0,0,0,0,0,0,0,0,0,0,0,0,0,0,0,0,0,0,0,0,0,0,0,0,0,0
살리흐 레이스,B,전투,조타장,False,28,10,16,17,7,0,0,0,0,0,0,0,0,0,0,0,0,0,0,0,0,0,0,0,0,0,0,0,0,0,0,0
살림 괴브데,B,전투,수련의,False,22,18,8,16,10,0,0,0,0,0,0,0,0,0,0,0,0,0,0,0,0,0,0,0,0,0,0,0,0,0,0,0
새뮤얼 버지스,B,교역,주류상,False,19,37,25,32,25,0,0,0,0,0,0,0,0,0,0,0,0,0,0,0,0,0,0,0,0,0,0,0,0,0,0,0
샤를로트 코르데,B,전투,타격대,False,73,7,19,10,14,0,0,0,0,0,0,0,0,0,0,0,0,0,0,0,0,0,0,0,0,0,0,0,0,0,0,0
서굉조,B,모험,지리학자,False,11,76,24,31,25,0,0,0,0,0,1,0,0,0,0,0,0,0,0,0,0,0,0,0,0,0,0,0,0,0,0,0
성춘향,B,전투,일반의,False,32,27,21,32,35,0,0,0,0,0,0,0,0,0,0,0,0,0,0,0,0,0,0,0,0,0,0,0,0,0,0,0
세실 파티만,B,모험,상담사,False,7,25,68,28,34,0,0,0,0,0,0,0,0,0,0,0,0,0,0,0,0,0,0,0,0,0,0,0,0,0,0,0
세이디 알리 레이스,B,전투,수리공,False,21,23,36,28,31,0,0,0,0,0,0,0,0,0,0,0,0,0,0,0,0,0,0,0,0,0,0,0,0,0,0,0
세페르 레이스,B,전투,대사수,False,32,30,24,31,26,0,0,0,0,0,0,0,0,0,0,0,0,0,0,0,0,0,0,0,0,0,0,0,0,0,0,1
셰르 샤,B,전투,수련의,False,21,18,7,16,10,0,0,0,0,0,0,0,0,0,0,0,0,0,0,0,0,0,0,0,0,0,0,0,0,0,0,0
소포니스바 앙귀솔라,B,교역,염료상,False,18,33,31,24,29,0,0,0,0,0,0,0,0,0,0,0,0,0,0,0,0,0,0,0,0,0,0,0,0,0,0,0
시난 레이스,B,전투,함포수,False,32,14,12,7,18,0,0,0,0,0,0,0,0,0,0,0,0,0,0,0,0,0,0,0,0,0,0,0,0,0,0,0
시난 파샤,B,전투,조타장,False,27,10,16,17,7,0,0,0,0,0,0,0,0,0,0,0,0,0,0,0,0,0,0,0,0,0,0,0,0,0,0,0
시랑,B,모험,측량사,False,11,25,24,32,75,0,0,0,0,0,0,0,0,0,0,0,0,0,0,0,0,0,0,0,0,0,0,0,0,0,0,0
시마즈 요시히로,B,전투,타격대,False,73,7,19,10,14,0,0,0,0,0,0,0,0,0,0,0,0,0,0,0,0,0,0,0,0,0,0,0,0,0,0,0
시몬 세게이라,B,교역,가축상,False,19,33,33,23,28,0,0,0,0,0,0,0,0,0,0,0,0,0,0,0,0,0,0,0,0,0,0,0,0,0,0,0
심운영,B,전투,일반의,False,32,28,21,31,36,0,0,0,0,0,0,0,0,0,0,0,0,0,0,0,0,0,0,0,0,0,0,0,0,0,0,0
심청,B,교역,잡화상,False,10,29,23,36,33,0,0,0,0,0,0,0,0,0,0,0,0,0,0,0,0,0,0,0,0,0,0,0,0,0,0,0
아나 데멘도사,B,교역,식품상,False,15,37,25,31,25,0,0,0,0,0,0,0,0,0,0,0,0,0,0,0,0,0,0,0,0,0,0,0,0,0,0,0
아나 루머르스 피스허르,B,교역,미술상,False,14,37,24,32,25,0,0,0,0,0,0,0,0,0,0,0,0,0,0,0,0,0,0,0,0,0,0,0,0,0,0,0
아메리고 베스푸치,B,모험,측량사,False,11,24,24,30,74,0,0,0,0,0,0,0,0,0,0,0,0,0,0,0,0,0,0,0,0,0,0,0,0,0,0,0
아바카 초우타,B,전투,대사수,False,31,30,24,31,26,0,0,0,0,0,0,0,0,0,0,0,0,0,0,0,0,0,0,0,0,0,0,0,0,0,0,0
아벌 얀손 타스만,B,모험,보급장,False,11,29,69,32,25,0,0,0,0,0,0,0,0,0,0,0,0,0,0,0,0,0,0,0,0,0,0,0,0,0,0,0
아이 마타,B,교역,약품상,False,15,24,29,28,37,0,0,0,0,0,0,0,0,0,0,0,0,0,0,0,0,0,0,0,0,0,0,0,0,0,0,0
아즈비케,B,교역,염료상,False,19,33,33,23,28,0,0,0,0,0,0,0,0,0,0,0,0,0,0,0,0,0,0,0,0,0,0,0,0,0,0,0
아폰수 안드라드,B,모험,수석 항해사,False,7,25,30,28,75,0,0,0,0,0,0,0,0,0,0,0,0,0,0,0,0,0,0,0,0,0,0,0,0,0,0,0
아흐메드 알 와타시,B,교역,방적상,False,6,28,22,36,33,0,0,0,0,0,0,0,0,0,0,0,0,0,0,0,0,0,0,0,0,0,0,0,0,0,0,0
악셀 욱센헤나,B,교역,회계사,False,7,37,27,31,24,0,0,0,0,0,0,0,0,0,0,0,0,0,0,0,0,0,0,0,0,0,0,0,0,0,0,0
안 도트리슈,B,교역,광물상,False,6,25,29,28,37,0,0,0,0,0,0,0,0,0,0,0,0,0,0,0,0,0,0,0,0,0,0,0,0,0,0,0
안드레아 기지,B,전투,함포수,False,31,14,12,6,18,0,0,0,0,0,0,0,0,0,0,0,0,0,0,0,0,0,0,0,0,0,0,0,0,0,0,0
안토니오 데베리오,B,모험,지리학자,False,11,75,24,30,25,0,0,0,1,0,1,0,0,0,0,0,0,0,0,0,0,0,0,0,0,0,0,0,0,0,0,0
안토니오 피가페타,B,모험,상담사,False,7,25,66,28,33,0,0,0,0,0,0,0,0,0,0,0,0,0,0,0,0,0,0,0,0,0,0,0,0,0,0,0
안토니오 핀데아도,B,전투,설계사,False,33,23,20,28,15,0,0,0,0,0,0,0,0,0,0,0,0,0,0,0,0,0,0,0,0,0,0,0,0,0,0,0
알렉산더 셀커크,B,모험,수렵가,False,18,29,22,70,34,1,1,0,0,0,1,0,0,0,0,0,0,0,0,0,0,0,0,0,0,0,0,0,0,0,0,0
알렉산더 해밀턴,B,교역,협상가,False,11,24,28,27,37,0,0,0,0,0,0,0,0,0,0,0,0,0,0,0,0,0,0,0,0,0,0,0,0,0,0,0
알렉산드로 바조,B,전투,대사수,False,31,30,24,31,26,0,0,0,0,0,0,0,0,0,0,0,0,0,0,0,0,0,0,0,0,0,0,0,0,0,0,0
알로이지 조반니,B,교역,식품상,False,15,36,24,30,24,0,0,0,0,0,0,0,0,0,0,0,0,0,0,0,0,0,0,0,0,0,0,0,0,0,0,0
알론소 데오헤다,B,전투,타격대,False,73,7,19,10,14,0,0,0,0,0,0,0,0,0,0,0,0,0,0,0,0,0,0,0,0,0,0,0,0,0,0,0
알리 알 만드리,B,전투,수련의,False,22,18,7,15,11,0,0,0,0,0,0,0,0,0,0,0,0,0,0,0,0,0,0,0,0,0,0,0,0,0,0,0
알바로 데멘다냐,B,모험,고고학자,False,7,76,22,27,34,0,1,0,0,0,0,0,0,0,1,0,1,0,0,0,0,0,0,0,0,0,0,0,0,0,0,0
알비세 카다모스토,B,교역,가축상,False,19,33,33,23,28,0,0,0,0,0,0,0,0,0,0,0,0,0,0,0,0,0,0,0,0,0,0,0,0,0,0,0
알탄 칸,B,교역,주류상,False,19,37,25,31,24,0,0,0,0,0,0,0,0,0,0,0,0,0,0,0,0,0,0,0,0,0,0,0,0,0,0,0
양경,B,전투,전문의,False,30,11,17,8,18,0,0,0,0,0,0,0,0,0,0,0,0,0,0,0,0,0,0,0,0,0,0,0,0,0,0,0
앤 다우리치,B,모험,측량사,False,11,25,24,32,76,0,0,0,0,0,0,0,0,0,0,0,0,0,0,0,0,0,0,0,1,0,0,0,0,0,0,0
앤 불린,B,교역,보석상,False,7,25,29,28,37,0,0,0,0,0,0,0,0,0,0,0,0,0,0,0,0,0,0,0,0,0,0,0,0,0,0,0
야스케,B,전투,특공대,False,74,30,27,31,22,0,0,0,0,0,0,0,0,0,0,0,0,0,0,0,0,0,0,0,0,0,0,0,0,0,0,0
야코프 발바커,B,교역,보석상,False,7,25,30,28,38,0,0,0,0,0,0,0,0,0,0,0,0,0,0,0,0,0,0,0,0,0,0,0,0,0,0,0
야콥 푸거,B,교역,광물상,False,7,24,29,27,37,0,0,0,0,0,0,0,0,0,0,0,0,0,0,0,0,0,0,0,0,0,0,0,0,0,0,0
얀 얀스 벨테브레이,B,모험,항해장,False,15,33,22,27,75,0,0,0,0,0,0,0,0,0,0,0,0,0,0,0,0,0,0,0,0,0,0,0,0,0,0,0
얀 피터손 쿤,B,교역,향료상,False,10,33,35,23,28,0,0,0,0,0,0,0,0,0,0,0,0,0,0,0,0,0,0,0,0,0,0,0,0,0,0,0
엄영춘,B,전투,타격대,False,73,7,19,10,14,0,0,0,0,0,0,0,0,0,0,0,0,0,0,0,0,0,0,0,0,0,0,0,0,0,0,0
에드먼드 길버트,B,교역,가축상,False,18,33,33,23,28,0,0,0,0,0,0,0,0,0,0,0,0,0,0,0,0,0,0,0,0,0,0,0,0,0,0,0
에드워드 댐피어,B,전투,조타장,False,28,10,16,18,7,0,0,0,0,0,0,0,0,0,0,0,0,0,0,0,0,0,0,0,0,0,0,0,0,0,0,0
에스테반 오르테가,B,교역,잡화상,False,11,28,23,35,33,0,0,0,0,0,0,0,0,0,0,0,0,0,0,0,0,0,0,0,0,0,0,0,0,0,0,0
엔리코 마리오네,B,교역,회계사,False,7,37,27,31,24,0,0,0,0,0,0,0,0,0,0,0,0,0,0,0,0,0,0,0,0,0,0,0,0,0,0,0
엔히크 드말라카,B,모험,통역가,False,7,33,22,70,29,0,1,0,0,0,0,0,0,0,0,0,1,1,0,0,0,0,0,0,0,0,0,0,0,0,0,0
엘리자베스 비제 르 브룅,B,교역,미술상,False,13,37,26,32,24,0,0,0,0,0,0,0,0,0,0,0,0,0,0,0,0,0,0,0,0,0,0,0,0,0,0,0
오클로 코야,B,교역,협상가,False,11,25,31,28,38,0,0,0,0,0,0,0,0,0,0,0,0,0,0,0,0,0,0,0,0,0,0,0,0,0,0,0
와키자카 야스하루,B,전투,타격대,False,71,7,20,10,14,0,0,0,0,0,0,0,0,0,0,0,0,0,0,0,0,0,0,0,0,0,0,0,0,0,0,0
요하네스 구텐베르크,B,교역,가공상,False,7,28,22,35,33,0,0,0,0,0,0,0,0,0,0,0,0,0,0,0,0,0,0,0,0,0,0,0,0,0,0,0
우즈 로저스,B,전투,일반의,False,33,27,21,31,35,0,0,0,0,0,0,0,0,0,0,0,0,0,0,0,0,0,0,0,0,0,0,0,0,0,0,0
운니야르카,B,전투,타격대,False,75,7,20,10,14,0,0,0,0,0,0,0,0,0,0,0,0,0,0,0,0,0,0,0,0,0,0,0,0,0,0,0
울루치 알리,B,전투,조타원,False,28,17,8,14,10,0,0,0,0,0,0,0,0,0,0,0,0,0,0,0,0,0,0,0,0,0,0,0,0,0,0,0
월터 롤리,B,전투,유탄수,False,32,35,32,20,27,0,0,0,0,0,0,0,0,0,0,0,0,0,0,0,0,0,0,0,0,0,0,0,0,0,0,0
윌리엄 셰익스피어,B,모험,예술학자,False,18,74,25,23,33,1,0,0,0,0,0,0,0,0,0,0,0,1,0,0,0,0,0,0,0,0,0,0,0,0,0,0
윌리엄 윈터,B,전투,설계사,False,33,23,19,27,15,0,0,0,0,0,0,0,0,0,0,0,0,0,0,0,0,0,0,0,0,0,0,0,0,0,0,0
유괴성,B,전투,타격대,False,73,7,19,10,14,0,0,0,0,0,0,0,0,0,0,0,0,0,0,0,0,0,0,0,0,0,0,0,0,0,0,0
유대유,B,전투,함포수,False,32,14,12,7,17,0,0,0,0,0,0,0,0,0,0,0,0,0,0,0,0,0,0,0,0,0,0,0,0,0,0,0
율리스 하위헌스,B,교역,가축상,False,19,33,34,23,28,0,0,0,0,0,0,0,0,0,0,0,0,0,0,0,0,0,0,0,0,0,0,0,0,0,0,1
이마이 소쿤,B,교역,가공상,False,6,29,22,36,33,0,0,0,0,0,0,0,0,0,0,0,0,0,0,0,0,0,0,0,0,0,0,0,0,0,0,0
이마이 소큐,B,교역,주류상,False,19,37,25,32,24,0,0,0,0,0,0,0,0,0,0,0,0,0,0,0,0,0,0,0,0,0,0,0,0,0,0,0
이몽룡,B,모험,상담사,False,7,25,66,28,33,0,0,0,0,0,0,0,0,0,0,0,0,0,0,0,0,0,0,0,0,0,0,0,0,0,0,0
이사벨라 코르테세,B,교역,가공상,False,6,28,22,35,33,0,0,0,0,0,0,0,0,0,0,0,0,0,0,0,0,0,0,0,0,0,0,0,0,0,0,0
이억기,B,전투,조타원,False,28,18,8,13,10,0,0,0,0,0,0,0,0,0,0,0,0,0,0,0,0,0,0,0,0,0,0,0,0,0,0,0
이운룡,B,전투,유탄수,False,31,34,32,21,26,0,0,0,0,0,0,0,0,0,0,0,0,0,0,0,0,0,0,0,0,0,0,0,0,0,0,0
이자벨 드로렌,B,교역,광물상,False,7,25,30,27,37,0,0,0,0,0,0,0,0,0,0,0,0,0,0,0,0,0,0,0,0,0,0,0,0,0,0,0
이종무,B,전투,조타수,False,27,26,32,20,34,0,0,0,0,0,0,0,0,0,0,0,0,0,0,0,0,0,0,0,0,0,0,0,0,0,0,0
이즈모 오쿠니,B,모험,예술학자,False,19,76,25,24,34,0,0,1,1,0,0,0,0,0,0,0,0,0,0,0,0,0,0,0,0,0,0,0,0,0,0,0
이초,B,전투,유탄수,False,32,34,33,21,26,0,0,0,0,0,0,0,0,0,0,0,0,0,0,0,0,0,0,0,0,0,0,0,0,0,0,0
잉엘라 가텐히엘름,B,교역,염료상,False,19,33,31,24,29,0,0,0,0,0,0,0,0,0,0,0,0,0,0,0,0,0,0,0,0,0,0,0,0,0,0,0
자크 카르티에,B,모험,예술학자,False,19,76,25,23,34,0,0,1,1,0,1,0,0,0,0,0,0,0,0,0,0,0,0,0,0,0,0,0,0,0,0,0
자한 사림,B,전투,설계사,False,33,23,20,27,15,0,0,0,0,0,0,0,0,0,0,0,0,0,0,0,0,0,0,0,0,0,0,0,0,0,0,0
잔 아셰트,B,전투,조타장,False,28,10,16,18,7,0,0,0,0,0,0,0,0,0,0,0,0,0,0,0,0,0,0,0,0,0,0,0,0,0,0,0
장 프랑수아 드갈로,B,전투,조선공,False,28,14,18,11,7,0,0,0,0,0,0,0,0,0,0,0,0,0,0,0,0,0,0,0,0,0,0,0,0,0,0,0
정운,B,전투,전문의,False,27,11,16,7,18,0,0,0,0,0,0,0,0,0,0,0,0,0,0,0,0,0,0,0,0,0,0,0,0,0,0,0
정지룡,B,전투,수리공,False,21,23,36,27,31,0,0,0,0,0,0,0,0,0,0,0,0,0,0,0,0,0,0,0,0,0,0,0,0,0,0,0
조르조 바사리,B,교역,미술상,False,14,37,24,32,25,0,0,0,0,0,0,0,0,0,0,0,0,0,0,0,0,0,0,0,0,0,0,0,0,0,0,0
조르즈 드메네즈스,B,교역,광물상,False,7,24,30,27,37,0,0,0,0,0,0,0,0,0,0,0,0,0,0,0,0,0,0,0,0,0,0,0,0,0,0,0
조반니 안드레아 도리아,B,전투,조타수,False,27,26,31,21,34,0,0,0,0,0,0,0,0,0,0,0,0,0,0,0,0,0,0,0,0,0,0,0,0,0,0,0
존 데이비스,B,모험,예술학자,False,19,76,26,23,34,0,0,0,0,0,0,0,0,0,0,0,1,0,0,0,0,0,0,0,0,0,0,0,1,1,0,0
존 래컴,B,교역,주류상,False,19,36,25,31,24,0,0,0,0,0,0,0,0,0,0,0,0,0,0,0,0,0,0,0,0,0,0,0,0,0,0,0
존 롤프,B,교역,약품상,False,15,24,29,27,36,0,0,0,0,0,0,0,0,0,0,0,0,0,0,0,0,0,0,0,0,0,0,0,0,0,0,0
주만,B,교역,잡화상,False,11,29,24,36,33,0,0,0,0,0,0,0,0,0,0,0,0,0,0,0,0,0,0,0,0,0,0,0,0,0,0,1
주문,B,전투,조선공,False,31,14,20,13,7,0,0,0,0,0,0,0,0,0,0,0,0,0,0,0,0,0,0,0,0,0,0,0,0,0,0,0
주앙 곤살베스 자르쿠,B,모험,고고학자,False,7,76,22,27,34,0,0,0,0,0,0,0,0,0,0,0,0,1,0,0,0,0,0,0,0,0,0,0,0,0,0,0
주앙 세항,B,교역,주류상,False,19,36,24,30,24,0,0,0,0,0,0,0,0,0,0,0,0,0,0,0,0,0,0,0,0,0,0,0,0,0,0,0
주앙 아폰수,B,전투,유탄수,False,33,34,33,21,26,0,0,0,0,0,0,0,0,0,0,0,0,0,0,0,0,0,0,0,0,0,0,0,0,0,0,0
쥬세페 루도비코,B,교역,투자가,False,11,34,35,24,29,0,0,0,0,0,0,0,0,0,0,0,0,0,0,0,0,0,0,0,0,0,0,0,0,0,0,0
진린,B,전투,조타수,False,28,26,32,21,34,0,0,0,0,0,0,0,0,0,0,0,0,0,0,0,0,0,0,0,0,0,0,0,0,0,0,0
진조의,B,전투,설계사,False,33,23,20,27,15,0,0,0,0,0,0,0,0,0,0,0,0,0,0,0,0,0,0,0,0,0,0,0,0,0,0,0
찰스 베인,B,전투,대사수,False,32,30,24,31,26,0,0,0,0,0,0,0,0,0,0,0,0,0,0,0,0,0,0,0,0,0,0,0,0,0,0,0
카 오키,B,모험,수렵가,False,19,29,21,73,34,1,1,0,0,0,0,0,0,0,0,0,1,1,0,0,0,0,0,0,0,0,0,0,0,0,0,0
카를로타,B,교역,염료상,False,19,33,32,24,29,0,0,0,0,0,0,0,0,0,0,1,0,0,0,0,0,0,0,0,0,0,0,0,0,0,0,0
카미로 스테파노,B,교역,주류상,False,19,37,24,31,24,0,0,0,0,0,0,0,0,0,0,0,0,0,0,0,0,0,0,0,0,0,0,0,0,0,0,0
카베사 데바카,B,모험,보급장,False,11,29,70,31,25,0,0,0,0,1,0,0,0,0,0,0,0,0,0,0,0,0,0,0,0,0,0,0,0,0,0,0
카시드,B,전투,백병대,False,74,23,35,23,31,0,0,0,0,0,0,0,0,0,0,0,0,0,0,0,0,0,0,0,0,0,0,0,0,0,0,0
카츄아파,B,모험,상담사,False,7,25,66,26,34,0,0,0,0,1,0,0,0,0,0,0,0,0,0,0,0,0,0,0,0,0,0,0,0,0,0,0
카탈리나 데에라우소,B,전투,유탄수,False,32,35,32,20,27,0,0,0,0,0,0,0,0,0,0,0,0,0,0,0,0,0,0,0,0,0,0,0,0,0,0,0
케빈 피셔,B,전투,조타원,False,27,18,7,14,10,0,0,0,0,0,0,0,0,0,0,0,0,0,0,0,0,0,0,0,0,0,0,0,0,0,0,0
쿠르톨루 무슬리딘,B,전투,함포수,False,31,14,12,7,17,0,0,0,0,0,0,0,0,0,0,0,0,0,0,0,0,0,0,0,0,0,0,0,0,0,0,0
크리스티나 알렉산드라,B,모험,예술학자,False,19,76,26,23,34,1,0,0,1,0,0,0,0,0,0,0,0,0,0,0,0,0,0,0,0,0,0,0,0,0,0,0
크리스티안 글로리아,B,교역,주류상,False,18,37,25,31,24,0,0,0,0,0,0,0,0,0,0,0,0,0,0,0,0,0,0,0,0,0,0,0,0,0,0,0
클라라 카마랑,B,전투,대사수,False,32,30,24,31,26,0,0,0,0,0,0,0,0,0,0,0,0,0,0,0,0,0,0,0,0,0,0,0,0,0,0,0
타즐루 하눔,B,교역,방적상,False,6,29,22,36,33,0,0,0,0,0,0,0,0,0,0,0,0,0,0,0,0,0,0,0,0,0,0,0,0,0,0,0
테쿠이치포츠 이시카쇼치친,B,교역,방적상,False,7,28,22,35,33,0,0,0,0,0,0,0,0,0,0,0,0,0,0,0,0,0,0,0,0,0,0,0,0,0,0,0
토니오 롯시,B,모험,보급장,False,11,29,69,30,25,0,0,0,0,0,0,0,0,0,0,0,0,0,0,0,0,0,0,0,0,0,0,0,0,0,0,0
토메 피르스,B,모험,예술학자,False,19,75,25,24,33,0,0,1,1,0,1,0,0,0,0,0,0,0,0,0,0,0,0,0,0,0,0,0,0,0,0,0
툴리아 다라고나,B,전투,전문의,False,27,11,16,8,18,0,0,0,0,0,0,0,0,0,0,0,0,0,0,0,0,0,0,0,0,0,0,0,0,0,0,0
트실라카트신,B,전투,대사수,False,32,31,25,29,27,0,0,0,0,0,0,0,0,0,0,0,0,0,0,0,0,0,0,0,0,0,0,0,0,0,0,0
티아고 가르시아,B,전투,조선공,False,27,15,18,12,7,0,0,0,0,0,0,0,0,0,0,0,0,0,0,0,0,0,0,0,0,0,0,0,0,0,0,0
파올로 토스카넬리,B,모험,측량사,False,11,25,24,30,75,0,0,0,0,0,0,0,0,0,0,0,0,0,0,0,0,0,0,0,0,0,0,0,0,0,0,0
파우라,B,교역,협상가,False,11,24,30,27,37,0,0,0,0,0,0,0,0,0,0,0,0,0,0,0,0,0,0,0,0,0,0,0,0,0,0,0
페드로 데멘도사,B,전투,특공대,False,75,31,28,29,23,0,0,0,0,0,0,0,0,0,0,0,0,0,0,0,0,0,0,0,0,0,0,0,0,0,0,0
페론소 아기레,B,교역,가축상,False,19,33,33,23,28,0,0,0,0,0,0,0,0,0,0,0,0,0,0,0,0,0,0,0,0,0,0,0,0,0,0,0
페루 다코빌량,B,모험,위생사,False,11,25,69,30,29,0,0,1,0,0,0,0,0,0,0,0,0,0,0,0,0,0,0,0,0,0,0,0,0,0,0,0
페르난데스 데엔시소,B,모험,지리학자,False,11,75,27,31,25,0,0,0,1,0,1,0,0,0,0,0,0,0,0,0,0,0,0,0,0,0,0,0,0,0,0,0
페르낭 둘무,B,모험,위생사,False,11,25,71,32,29,0,0,0,0,0,0,0,0,0,0,0,0,0,0,0,0,0,0,0,0,0,0,0,0,0,0,0
페르낭 멘드스 핀투,B,모험,측량사,False,11,25,25,31,75,0,0,0,0,0,0,0,0,0,0,0,0,0,0,0,0,0,0,0,0,0,0,0,0,0,0,0
페트뤼스 플란시우스,B,모험,측량사,False,11,25,24,31,76,1,0,0,0,0,0,0,0,0,0,0,0,0,0,0,0,0,0,0,0,0,0,0,0,0,0,0
프란시스코 데보바디야,B,전투,수리공,False,22,23,36,28,30,0,0,0,0,0,0,0,0,0,0,0,0,0,0,0,0,0,0,0,0,0,0,0,0,0,0,0
프란시스코 데오레야나,B,전투,일반의,False,32,27,22,31,35,0,0,0,0,0,0,0,0,0,0,0,0,0,0,0,0,0,0,0,0,0,0,0,0,0,0,0
프란시스코 알보,B,모험,갑판장,False,7,29,23,31,76,0,0,0,0,0,0,0,0,0,1,0,0,0,1,0,0,0,0,0,0,0,0,0,0,0,0,0
프란시스쿠 드알메이다,B,교역,방적상,False,6,28,22,35,33,0,0,0,0,0,0,0,0,0,0,0,0,0,0,0,0,0,0,0,0,0,0,0,0,0,0,0
프란시스쿠 세항,B,모험,조범수,False,11,34,24,70,25,0,0,0,0,0,0,0,0,0,0,0,0,0,0,0,0,0,0,0,0,0,0,0,0,0,0,0
프랑수아 르클레르,B,전투,조타수,False,28,26,32,21,34,0,0,0,0,0,0,0,0,0,0,0,0,0,0,0,0,0,0,0,0,0,0,0,0,0,0,0
프랑코 사누드,B,전투,유탄수,False,32,35,33,19,27,0,0,0,0,0,0,0,0,0,0,0,0,0,0,0,0,0,0,0,0,0,0,0,0,0,0,0
피라리,B,전투,백병대,False,75,23,36,24,30,0,0,0,0,0,0,0,0,0,0,0,0,0,0,0,0,0,0,0,0,0,0,0,0,0,0,0
피터르 제라뒤스,B,교역,미술상,False,14,36,25,31,24,0,0,0,0,0,0,0,0,0,0,0,0,0,0,0,0,0,0,0,0,0,0,0,0,0,0,0
필리베르 코메르송,B,모험,생물학자,False,15,75,29,23,29,0,0,0,1,0,0,0,0,0,0,1,0,1,0,0,0,0,0,0,0,0,0,0,0,0,0,0
하산 아그하,B,전투,수리공,False,22,23,36,28,30,0,0,0,0,0,0,0,0,0,0,0,0,0,0,0,0,0,0,0,0,0,0,0,0,0,0,0
하산 파샤,B,전투,함포수,False,32,14,12,7,17,0,0,0,0,0,0,0,0,0,0,0,0,0,0,0,0,0,0,0,0,0,0,0,0,0,0,0
하세쿠라 쓰네나가,B,교역,협상가,False,11,24,32,25,36,0,0,0,0,0,0,0,0,0,0,0,0,0,0,0,0,0,0,0,0,0,0,0,0,0,0,0
하얌 우룩,B,모험,예술학자,False,19,76,26,24,33,0,0,0,1,0,0,0,0,0,0,0,0,0,0,0,0,0,0,0,0,0,0,0,0,0,0,0
하파엘 세하누,B,전투,수련의,False,22,18,7,15,11,0,0,0,0,0,0,0,0,0,0,0,0,0,0,0,0,0,0,0,0,0,0,0,0,0,0,0
하프메트 그라니에,B,모험,보급장,False,11,29,69,32,25,0,0,0,0,0,0,0,0,0,0,0,0,0,0,0,0,0,0,0,0,0,0,0,0,0,0,0
허초희,B,교역,미술상,False,14,37,24,32,25,0,0,0,0,0,0,0,0,0,0,0,0,0,0,0,0,0,0,0,0,0,0,0,0,0,0,0
헨리 만스펠,B,전투,특공대,False,75,30,28,31,23,0,0,0,0,0,0,0,0,0,0,0,0,0,0,0,0,0,0,0,0,0,0,0,0,0,0,0
혜희,B,모험,조범수,False,11,33,24,73,25,0,0,0,0,0,0,0,0,0,0,0,0,0,0,0,0,0,0,0,0,0,0,0,0,0,0,1
호세,B,전투,백병대,False,73,23,35,24,31,0,0,0,0,0,0,0,0,0,0,0,0,0,0,0,0,0,0,0,0,0,0,0,0,0,0,0
호수인,B,전투,조타수,False,27,26,32,20,34,0,0,0,0,0,0,0,0,0,0,0,0,0,0,0,0,0,0,0,0,0,0,0,0,0,0,0
호종헌,B,전투,조타수,False,25,27,30,23,34,0,0,0,0,0,0,0,0,0,0,0,0,0,0,0,0,0,0,0,0,0,0,0,0,0,0,0
홍보,B,모험,생물학자,False,16,76,29,24,29,0,0,0,0,0,0,0,0,0,0,1,0,1,0,0,0,0,0,0,0,0,0,0,0,0,0,0
후안 데라 코사,B,모험,갑판장,False,7,29,23,32,75,0,0,0,0,0,0,0,0,0,1,0,0,0,1,0,0,0,0,0,0,0,0,0,0,0,0,0
후안 디아스 데솔리스,B,모험,보급장,False,11,29,69,31,25,0,0,0,0,0,0,0,0,0,0,0,0,0,0,0,0,0,0,0,0,0,0,0,0,0,0,0
게오르크 폰슈파이어,C,전투,백병대,False,36,11,17,10,15,0,0,0,0,0,0,0,0,0,0,0,0,0,0,0,0,0,0,0,0,0,0,0,0,0,0,0
곤살로 데케사다,C,모험,조범수,False,5,16,11,34,12,0,0,0,0,0,0,0,0,0,0,0,0,0,0,0,1,0,0,0,0,0,0,0,0,0,0,1
곤잘루 실베이라,C,전투,조선공,False,13,7,8,5,3,0,0,0,0,0,0,0,0,0,0,0,0,0,0,0,0,0,0,0,0,0,0,0,0,0,1,0
구루시마 미치후사,C,전투,특공대,False,36,15,13,14,11,0,0,0,0,0,0,0,0,0,0,0,0,0,0,0,0,0,0,0,0,0,0,0,0,0,0,0
귀도 벤조,C,모험,위생사,False,5,12,33,15,14,0,0,0,0,1,0,0,0,0,0,0,0,0,0,0,0,0,0,0,0,0,0,0,0,0,0,0
귀친 케말,C,전투,대사수,False,15,14,11,13,13,0,0,0,0,0,0,0,0,0,0,0,0,0,0,0,0,0,0,0,0,0,0,0,0,0,0,0
그레고리오 세스페데스,C,모험,상담사,False,3,12,32,13,16,0,0,0,0,0,0,0,0,0,0,0,0,0,0,0,0,1,0,0,0,0,0,0,0,0,0,0
기도 데라베사리스,C,교역,가축상,False,9,15,16,11,13,0,0,0,0,0,0,0,0,0,0,0,0,0,0,0,0,0,0,0,0,0,0,0,0,0,0,0
니콜라스 플라멜,C,교역,약품상,False,7,11,13,13,17,0,0,0,0,0,0,0,0,0,0,0,0,0,0,0,0,0,0,0,0,0,0,0,0,0,0,0
두아르트 페레이라,C,모험,항해장,False,7,16,10,13,37,0,0,0,0,0,0,0,0,0,1,0,0,0,0,0,0,0,0,0,0,0,0,0,0,0,0,0
디에고 데니쿠에사,C,전투,조선공,False,13,7,8,5,3,0,0,0,0,0,0,0,0,0,0,0,0,0,0,0,0,0,0,0,0,0,0,0,0,0,0,0
디에고 카바예로,C,교역,잡화상,False,5,14,11,16,16,0,0,0,0,0,0,0,0,0,0,0,0,0,0,0,0,0,0,0,0,0,0,0,0,0,0,0
디에구 소사,C,전투,조선공,False,13,7,8,5,3,0,0,0,0,0,0,0,0,0,0,0,0,0,0,0,0,0,0,0,0,0,0,0,0,0,0,0
디오구 캉,C,모험,지리학자,False,5,37,11,15,12,0,0,0,0,0,1,0,0,0,0,0,0,0,0,0,0,0,0,0,0,1,0,0,0,0,0,0
로런스 에드워드,C,교역,가공상,False,3,13,11,17,15,0,0,0,0,0,0,0,0,0,0,0,0,0,0,0,0,0,0,0,0,0,0,0,0,0,0,0
로버트 아마다스,C,교역,광물상,False,3,11,14,13,17,0,0,0,0,0,0,0,0,0,0,0,0,0,0,0,0,0,0,0,0,0,0,0,0,0,0,0
로버트 와일드,C,전투,설계사,False,15,11,9,13,7,0,0,0,0,0,0,0,0,0,0,0,0,0,0,0,0,0,0,0,0,0,0,0,0,0,0,0
로푸 페레이라,C,교역,회계사,False,3,18,13,14,12,0,0,0,0,0,0,0,0,0,0,0,0,0,0,0,0,0,0,0,0,0,0,0,0,0,0,0
루도비코 데바르테마,C,모험,생물학자,False,7,37,13,11,14,0,0,0,0,0,0,0,0,0,0,1,0,1,0,0,0,0,0,0,0,0,0,0,0,0,0,0
루크레치아 토르나부오니,C,교역,회계사,False,3,18,12,15,12,0,0,0,0,0,0,0,0,0,0,0,0,0,0,0,0,0,0,0,0,0,0,0,0,0,0,0
리처드 헉슬리,C,전투,유탄수,False,15,16,16,10,12,0,0,0,0,0,0,0,0,0,0,0,0,0,0,0,0,0,0,0,0,0,0,0,0,0,0,0
마누엘 페레스트렐루,C,모험,측량사,False,5,12,13,14,36,0,0,0,0,0,0,0,0,0,0,0,0,0,0,0,0,0,0,0,0,0,0,0,0,0,0,1
마르코스 데니사,C,모험,고고학자,False,3,36,10,13,16,0,0,0,0,0,0,0,0,0,1,0,0,0,0,0,0,0,0,0,0,0,0,0,0,0,0,0
마르팅 아폰수 드소자,C,모험,수렵가,False,9,14,10,34,16,0,1,0,0,0,0,0,0,0,0,0,0,0,0,0,0,0,0,0,0,0,1,0,0,0,0,0
마리아 바르톨라,C,모험,고고학자,False,3,36,9,12,16,0,0,0,0,0,0,0,0,0,0,0,0,0,0,0,0,0,0,0,1,0,0,0,0,0,0,0
마리아 피타,C,전투,수리공,False,10,11,17,13,15,0,0,0,0,0,0,0,0,0,0,0,0,0,0,0,0,0,0,0,0,0,0,0,0,0,1,0
마쓰라 다카노부,C,교역,협상가,False,5,11,14,13,17,0,0,0,0,0,0,0,0,0,0,0,0,0,0,0,0,0,0,0,0,0,0,0,0,0,0,0
모리스 레이든,C,모험,측량사,False,5,12,11,14,36,0,0,0,0,0,0,0,0,0,0,0,0,0,0,0,0,0,0,0,1,0,0,0,0,0,0,1
미르자 아지즈 코카,C,교역,약품상,False,7,11,13,13,17,0,0,0,0,0,0,0,0,0,0,0,0,0,0,0,0,0,0,0,0,0,0,0,0,0,0,0
미켈레토 코렐라,C,전투,조타원,False,13,8,3,6,5,0,0,0,0,0,0,0,0,0,0,0,0,0,0,0,0,0,0,0,0,0,0,0,0,0,0,0
발보아 오리드,C,교역,향료상,False,5,15,16,11,13,0,0,0,0,0,0,0,0,0,0,0,0,0,0,0,0,0,0,0,0,0,0,0,0,0,0,0
발푸리 인나마,C,교역,가공상,False,3,14,10,17,16,0,0,0,0,0,0,0,0,0,0,0,0,0,0,0,0,0,0,0,0,0,0,0,0,0,0,0
베니토 고메스,C,모험,수렵가,False,9,14,10,33,16,0,1,0,0,0,0,0,0,0,0,0,0,0,0,0,1,0,0,0,0,0,0,0,0,0,0,0
비올란테 도리아,C,모험,예술학자,False,9,36,12,11,16,0,0,0,0,0,0,0,0,1,0,0,0,0,0,0,0,0,0,1,0,0,0,0,0,0,0,0
빅터 러셀,C,전투,조선공,False,13,7,8,5,3,0,0,0,0,0,0,0,0,0,0,0,0,0,0,0,0,0,0,0,0,0,0,0,0,0,0,1
세묜 스트로가노프,C,모험,항해장,False,7,16,10,13,37,0,0,0,0,0,0,0,0,0,1,0,0,0,0,0,0,0,0,0,0,0,0,0,0,0,0,0
세바스찬 캐벗,C,모험,조범수,False,5,16,12,33,12,0,0,0,0,0,0,0,0,0,0,0,0,0,0,0,0,1,0,0,0,0,0,0,0,0,0,1
세바스티안 비스카이노,C,모험,탐험가,False,9,12,13,34,14,0,0,0,0,0,0,0,0,0,0,0,0,0,0,0,0,0,0,0,0,0,0,0,0,0,0,0
슈무엘 베일라시,C,교역,식품상,False,7,17,12,14,11,0,0,0,0,0,0,0,0,0,0,0,0,0,0,0,0,0,0,0,0,0,0,0,0,0,0,0
스미노쿠라 료이,C,교역,잡화상,False,5,13,11,17,15,0,0,0,0,0,0,0,0,0,0,0,0,0,0,0,0,0,0,0,0,0,0,0,0,0,0,0
시도니아 폰보르크,C,교역,가축상,False,9,16,16,11,14,0,0,0,0,0,0,0,0,0,0,0,0,0,0,0,0,0,0,0,0,0,0,0,0,0,0,0
아그네스 베르나우어,C,교역,약품상,False,7,11,13,13,17,0,0,0,0,0,0,0,0,0,0,0,0,0,0,0,0,0,0,0,0,0,0,0,0,0,0,0
아나 마리아 데소토,C,전투,조타수,False,13,13,15,9,17,0,0,0,0,0,0,0,0,0,0,0,0,0,0,0,0,0,0,0,0,0,0,0,0,0,0,0
아나 얀선스,C,교역,주류상,False,9,17,12,15,11,0,0,0,0,0,0,0,0,0,0,0,0,0,0,0,0,0,0,0,0,0,0,0,0,0,0,0
아녜스 소렐,C,교역,염료상,False,8,16,15,11,14,0,0,0,0,0,0,0,0,0,0,0,0,0,0,0,0,0,0,0,0,0,0,0,0,0,0,0
아불 파즐,C,모험,생물학자,False,7,37,13,11,14,0,0,0,0,0,0,0,0,0,0,1,0,1,0,0,0,0,0,0,0,0,0,0,0,0,0,0
아사르파이,C,교역,식품상,False,7,18,12,15,12,0,0,0,0,0,0,0,0,0,0,0,0,0,0,0,0,0,0,0,0,0,0,0,0,0,0,0
안나 오커히엘름,C,모험,고고학자,False,3,36,11,13,16,0,0,0,0,0,0,0,1,0,0,0,0,0,0,0,0,0,0,0,0,0,0,0,0,0,0,0
안토니우 드살다냐,C,교역,주류상,False,9,17,12,15,11,0,0,0,0,0,0,0,0,0,0,0,0,0,0,0,0,0,0,0,0,0,0,0,0,0,0,0
안토니우 드아브레우,C,전투,조타장,False,13,5,7,7,3,0,0,0,0,0,0,0,0,0,0,0,0,0,0,0,0,0,0,0,0,0,0,0,0,0,1,0
알론소 데멘도사,C,교역,가축상,False,9,15,15,11,13,0,0,0,0,0,0,0,0,0,0,0,0,0,0,0,0,0,0,0,0,0,0,0,0,0,0,0
알론소 알바레스 데피네다,C,모험,탐험가,False,9,12,13,34,14,0,0,0,0,0,0,0,0,0,0,0,0,0,0,0,0,0,0,0,0,0,0,0,0,0,0,0
알베로 스킬라치,C,전투,수련의,False,10,8,3,7,5,0,0,0,0,0,0,0,0,0,0,0,0,0,0,0,0,0,0,0,0,0,0,0,0,0,0,0
알제우나,C,모험,생물학자,False,7,37,13,11,14,0,0,0,0,0,0,0,0,0,0,1,0,1,0,0,0,0,0,0,0,0,0,0,0,0,0,0
암브로지우스 에힝어,C,전투,조타장,False,13,5,7,7,3,0,0,0,0,0,0,0,0,0,0,0,0,0,0,0,0,0,0,0,0,0,0,0,0,0,0,0
앤서니 셜리,C,모험,갑판장,False,3,14,11,15,37,0,0,0,0,0,0,0,0,0,0,0,0,0,1,0,0,0,0,0,0,0,0,1,0,0,0,0
앤서니 존슨,C,전투,조타원,False,13,8,3,6,5,0,0,0,0,0,0,0,0,0,0,0,0,0,0,0,0,0,0,0,0,0,0,0,0,0,1,0
야코프 로헤베인,C,모험,지리학자,False,5,36,11,14,12,0,0,0,0,0,1,0,0,0,0,0,0,0,0,0,0,0,0,0,0,0,0,0,0,0,0,0
야코프 판넥,C,교역,향료상,False,5,15,16,11,13,0,0,0,0,0,0,0,0,0,0,0,0,0,0,0,0,0,0,0,0,0,0,0,0,0,0,0
얀 요스턴 판로덴스테인,C,교역,방적상,False,3,14,11,16,16,0,0,0,0,0,0,0,0,0,0,0,0,0,0,0,0,0,0,0,0,0,0,0,0,0,0,1
에드먼드 하비,C,교역,보석상,False,3,11,14,13,17,0,0,0,0,0,0,0,0,0,0,0,0,0,0,0,0,0,0,0,0,0,0,0,0,0,0,0
에르난도 데소토,C,모험,위생사,False,5,12,34,14,14,0,0,0,0,0,0,0,0,0,0,0,0,0,0,0,0,0,0,0,0,1,0,0,0,0,0,0
에스테반 페론,C,교역,협상가,False,5,11,14,12,17,0,0,0,0,0,0,0,0,0,0,0,0,0,0,0,0,0,0,0,0,0,0,0,0,0,0,0
엘리자베스 바튼,C,모험,상담사,False,3,12,32,13,16,0,0,0,0,0,0,0,0,0,0,0,0,0,0,0,0,0,1,0,0,0,0,0,0,0,0,1
예르마크 티모페예비치,C,모험,지리학자,False,5,37,11,15,12,0,0,0,0,0,1,0,0,0,0,0,0,0,0,0,0,0,0,0,0,0,0,0,0,0,0,0
요한 할레르,C,교역,가공상,False,3,13,10,16,15,0,0,0,0,0,0,0,0,0,0,0,0,0,0,0,0,0,0,0,0,0,0,0,0,0,0,0
우준 카이프,C,교역,잡화상,False,5,13,11,17,15,0,0,0,0,0,0,0,0,0,0,0,0,0,0,0,0,0,0,0,0,0,0,0,0,0,0,0
월터 로런스,C,전투,수리공,False,10,11,17,12,15,0,0,0,0,0,0,0,0,0,0,0,0,0,0,0,0,0,0,0,0,0,0,0,0,0,0,0
윌리엄 클라이브,C,전투,함포수,False,15,6,5,3,8,0,0,0,0,0,0,0,0,0,0,0,0,0,0,0,0,0,0,0,0,0,0,0,0,0,0,0
율리안 페르메이르,C,전투,설계사,False,15,11,9,13,7,0,0,0,0,0,0,0,0,0,0,0,0,0,0,0,0,0,0,0,0,0,0,0,0,0,0,1
이사벨라 휘트니,C,교역,미술상,False,6,17,11,14,11,0,0,0,0,0,0,0,0,0,0,0,0,0,0,0,0,0,0,0,0,0,0,0,0,0,0,1
이스테방 고메스,C,모험,조범수,False,5,16,12,33,12,0,0,0,0,0,0,0,0,0,0,0,0,0,0,0,0,0,0,0,0,0,0,0,0,0,0,0
자가노스 베이,C,교역,약품상,False,7,11,13,13,17,0,0,0,0,0,0,0,0,0,0,0,0,0,0,0,0,0,0,0,0,0,0,0,0,0,0,0
자크 브룸,C,전투,일반의,False,15,13,10,14,17,0,0,0,0,0,0,0,0,0,0,0,0,0,0,0,0,0,0,0,0,0,0,0,0,0,1,0
잔 드샹탈,C,모험,위생사,False,5,12,33,14,14,0,0,0,0,0,0,0,1,0,0,0,0,0,0,0,0,0,0,0,0,0,0,0,0,0,0,0
장안순,C,전투,설계사,False,15,11,9,12,7,0,0,0,0,0,0,0,0,0,0,0,0,0,0,0,0,0,0,0,0,0,0,0,0,0,1,0
조너선 바넷,C,전투,조타원,False,13,8,3,6,5,0,0,0,0,0,0,0,0,0,0,0,0,0,0,0,0,0,0,0,0,0,0,0,0,0,0,0
조르즈 알바르스,C,교역,잡화상,False,5,13,11,17,15,0,0,0,0,0,0,0,0,0,0,0,0,0,0,0,0,0,0,0,0,0,0,0,0,0,0,0
조반니 라무시오,C,모험,지리학자,False,5,35,12,14,11,0,0,0,0,0,1,0,0,0,0,0,0,0,0,0,0,0,0,0,0,0,0,0,0,0,0,0
조반니 베세리스,C,모험,조범수,False,5,16,11,33,12,0,0,0,0,0,0,0,1,0,0,0,0,0,0,0,0,0,0,0,0,0,0,0,0,0,0,0
조셉 이스트먼,C,모험,고고학자,False,3,37,10,13,16,0,0,0,0,0,0,0,0,0,0,0,0,0,0,0,0,0,0,0,0,0,0,0,0,0,0,0
주앙 드카스트루,C,모험,조범수,False,5,16,11,34,12,0,0,0,0,0,0,0,0,0,0,0,0,0,0,0,0,0,0,0,0,0,0,0,0,0,0,0
카리나 물티알라,C,교역,식품상,False,7,18,12,15,12,0,0,0,0,0,0,0,0,0,0,0,0,0,0,0,0,0,0,0,0,0,0,0,0,0,0,0
카밀로 사보나롤라,C,모험,탐험가,False,9,12,13,33,14,0,0,0,0,0,0,0,0,0,0,0,0,0,0,0,0,0,0,0,0,0,0,0,0,0,0,0
카산드라 페델레,C,모험,통역가,False,3,15,11,31,13,0,0,0,0,0,0,0,0,1,0,0,1,0,0,0,0,0,0,0,0,0,0,0,0,0,0,0
카타리나 코르네르,C,교역,방적상,False,3,13,10,16,15,0,0,0,0,0,0,0,0,0,0,0,0,0,0,0,0,0,0,0,0,0,0,0,0,0,0,0
카타리나 헤노트,C,교역,가축상,False,9,16,16,11,14,0,0,0,0,0,0,0,0,0,0,0,0,0,0,0,0,0,0,0,0,0,0,0,0,0,1,0
케나우 하셀라르,C,교역,가공상,False,3,14,10,17,16,0,0,0,0,0,0,0,0,0,0,0,0,0,0,0,0,0,0,0,0,0,0,0,0,0,0,0
콘라드,C,모험,조범수,False,5,16,12,34,12,0,0,0,0,0,0,0,0,0,0,0,0,0,0,0,0,0,1,0,0,0,0,0,0,0,0,0
쿠스라우 미르자,C,전투,전문의,False,13,5,7,3,9,0,0,0,0,0,0,0,0,0,0,0,0,0,0,0,0,0,0,0,0,0,0,0,0,0,0,1
크리스티나 닐스도테르,C,교역,가공상,False,3,14,10,17,16,0,0,0,0,0,0,0,0,0,0,0,0,0,0,0,0,0,0,0,0,0,0,0,0,0,1,0
타네커 스코닝스,C,교역,염료상,False,9,16,15,11,14,0,0,0,0,0,0,0,0,0,0,0,0,0,0,0,0,0,0,0,0,0,0,0,0,0,0,0
타라바이,C,전투,조타원,False,13,8,3,6,5,0,0,0,0,0,0,0,0,0,0,0,0,0,0,0,0,0,0,0,0,0,0,0,0,0,1,0
토다르 말,C,교역,잡화상,False,5,13,11,17,15,0,0,0,0,0,0,0,0,0,0,0,0,0,0,0,0,0,0,0,0,0,0,0,0,0,0,0
트리폰 코로베이니코프,C,교역,투자가,False,5,15,16,11,13,0,0,0,0,0,0,0,0,0,0,0,0,0,0,0,0,0,0,0,0,0,0,0,0,0,0,0
판필로 데나르바에스,C,전투,백병대,False,36,11,17,10,15,0,0,0,0,0,0,0,0,0,0,0,0,0,0,0,0,0,0,0,0,0,0,0,0,0,0,0
판필로 오리드,C,모험,위생사,False,5,12,33,15,14,0,0,0,0,0,0,0,0,0,0,0,0,0,0,0,0,0,0,0,0,0,0,0,0,1,0,0
페드로 나바로,C,전투,조타수,False,13,13,15,9,16,0,0,0,0,0,0,0,0,0,0,0,0,0,0,0,0,0,0,0,0,0,0,0,0,0,0,0
페드로 데감보아,C,모험,고고학자,False,3,37,10,13,16,0,0,0,0,0,0,0,0,0,0,0,0,0,0,0,0,0,0,0,0,0,0,0,0,0,0,0
페드로 데키로스,C,모험,항해장,False,7,16,10,13,37,0,0,0,0,0,0,0,0,0,1,0,0,0,0,0,0,0,0,0,0,0,0,0,0,0,0,0
페르낭 고메스 다미나,C,교역,광물상,False,3,11,14,13,17,0,0,0,0,0,0,0,0,0,0,0,0,0,0,0,0,0,0,0,0,0,0,0,0,0,0,1
프란시스코 데헤레스,C,모험,지리학자,False,5,36,12,14,12,0,0,0,0,0,1,0,0,0,0,0,0,0,0,0,0,0,0,0,0,0,0,0,0,0,0,0
프란시스코 하비에르,C,모험,상담사,False,3,12,32,13,16,0,0,1,0,0,0,0,0,0,0,0,0,0,0,0,0,0,0,0,0,0,0,0,0,0,0,0
프란시스쿠 알바레스,C,전투,함포수,False,15,6,6,3,8,0,0,0,0,0,0,0,0,0,0,0,0,0,0,0,0,0,0,0,0,0,0,0,0,0,1,0
프란체스카 카치니,C,모험,예술학자,False,9,36,12,11,16,0,0,0,0,0,0,0,0,0,1,0,0,0,0,0,0,0,0,0,0,0,0,0,0,0,0,0
피터르 벤후크,C,전투,수리공,False,10,11,17,13,15,0,0,0,0,0,0,0,0,0,0,0,0,0,0,0,0,0,0,0,0,0,0,0,0,0,0,0
하바 카툰,C,모험,위생사,False,5,12,33,14,14,0,0,0,0,0,0,0,0,0,0,0,0,0,0,0,0,0,0,0,0,0,1,0,0,0,0,0
한스 슈타덴,C,모험,지리학자,False,5,37,11,15,12,0,0,0,0,0,1,0,0,0,0,0,0,0,0,0,0,0,0,0,0,0,0,0,0,0,0,0
헨리 미들턴,C,교역,향료상,False,5,15,16,11,13,0,0,0,0,0,0,0,0,0,0,0,0,0,0,0,0,0,0,0,0,0,0,0,0,0,0,0
후안 데그리할바,C,모험,위생사,False,5,12,33,14,14,0,0,0,0,1,0,0,0,0,0,0,0,0,0,0,0,0,0,0,0,0,0,0,0,0,0,0
후안 바스케스,C,전투,설계사,False,15,11,9,13,7,0,0,0,0,0,0,0,0,0,0,0,0,0,0,0,0,0,0,0,0,0,0,0,0,0,0,0
후안 세바스티안 엘카노,C,모험,생물학자,False,7,36,13,11,14,0,0,0,0,0,0,0,0,0,0,0,0,1,0,0,0,0,0,0,0,0,0,1,0,0,0,0
휘호 올잭,C,모험,생물학자,False,7,35,13,11,13,0,0,0,0,0,0,0,0,0,0,1,0,1,0,0,0,0,0,0,0,0,0,0,0,0,0,0
히사카지마 야스케,C,전투,백병대,False,36,11,17,10,15,0,0,0,0,0,0,0,0,0,0,0,0,0,0,0,0,0,0,0,0,0,0,0,0,0,0,0
