항구,아이템,분류,1월,2월,3월,4월,5월,6월,7월,8월,9월,10월,11월,12월
가리,마누카,의약품,평,평,평,평,평,평,평,평,평,평,평,평
가리,석탄,광석,평,평,비,비,비,평,평,평,성,성,성,평
가리,유칼립투스,향료,평,평,성,성,성,평,평,평,비,비,비,평
가리,핑크 다이아몬드,보석,성,성,평,평,평,비,비,비,평,평,평,성
고아,마살라,향신료,성,성,성,성,비,비,비,비,비,비,성,성
고아,카다멈,향신료,성,성,성,성,비,비,비,비,비,비,성,성
고아,후추,향신료,성,성,성,성,비,비,비,비,비,비,성,성
과테말라,옥수수기름,조미료,성,성,성,성,성,평,평,평,평,평,평,성
과테말라,은,귀금속,성,성,성,성,성,비,비,비,비,비,성,성
과테말라,토마토,식료품,성,성,성,성,성,평,평,평,평,평,평,성
괌,산호,보석,평,평,평,평,평,평,평,평,평,평,평,평
괌,은,귀금속,평,평,평,평,평,평,평,평,평,평,평,평
그단스크,공단,직물,평,평,평,평,평,평,평,평,평,평,평,평
그단스크,목재,공업품,평,평,평,평,평,평,평,평,평,평,평,평
그로닝겐,꿀,조미료,비,비,평,평,평,성,성,성,평,평,평,비
그로닝겐,밀랍,공업품,평,평,평,평,평,평,평,평,평,평,평,평
그로닝겐,유리구슬,공예품,평,평,평,평,평,평,평,평,평,평,평,평
그로닝겐,활,무기류,평,평,평,평,평,평,평,평,평,평,평,평
나가사키,순백자,공예품,평,평,평,평,평,평,평,평,평,평,평,평
나가사키,은,귀금속,성,성,평,평,평,평,평,비,평,평,평,성
나르비크,링곤베리,의약품,평,평,평,평,평,평,평,평,평,평,평,평
나르비크,양고기,식료품,평,평,비,비,비,평,평,평,성,성,성,평
나사우,단호박,식료품,성,성,성,성,성,평,평,평,평,평,성,성
나사우,마노,보석,비,비,비,비,비,성,성,성,성,성,비,비
나사우,바닐라,향신료,성,성,성,성,성,비,비,비,비,비,성,성
나탈,금세공,공예품,평,평,평,평,평,평,평,평,평,평,평,평
나탈,백금,귀금속,비,비,평,평,평,성,성,성,평,평,평,비
나탈,초석,광석,평,평,비,비,비,평,평,평,성,성,성,평
나폴리,도자기,공예품,평,평,평,평,평,평,평,평,평,평,평,평
나폴리,은 식기,공예품,평,평,평,평,평,평,평,평,평,평,평,평
나하,개오지,잡화,평,평,평,평,평,평,평,평,평,평,평,평
낭트,양파,식료품,평,평,비,비,비,평,평,평,성,성,성,평
낭트,천일염,조미료,비,비,평,평,평,성,성,성,평,평,평,비
낭트,포도주,주류,성,성,평,평,평,비,비,비,평,평,평,성
누탁,게,식료품,평,평,평,평,평,평,평,평,평,평,평,평
누탁,어육,식료품,평,평,평,평,평,평,평,평,평,평,평,평
누탁,칠면조,가축,평,평,평,평,평,평,평,평,평,평,평,평
다바오,마닐라삼,섬유,평,평,평,평,평,평,평,평,평,평,평,평
다바오,바나나,기호품,평,평,평,평,평,평,평,평,평,평,평,평
다바오,수은,공업품,평,평,평,평,평,평,평,평,평,평,평,평
다바오,진주,보석,평,평,평,평,평,평,평,평,평,평,평,평
단수이,등,공업품,평,평,평,평,평,평,평,평,평,평,평,평
더블린,철재,공업품,평,평,평,평,평,평,평,평,평,평,평,평
더블린,투창,무기류,평,평,평,평,평,평,평,평,평,평,평,평
덕원,된장,조미료,비,비,평,평,평,성,성,성,평,평,평,비
덴헬데르,거위,가축,성,성,평,평,평,비,비,비,평,평,평,성
덴헬데르,닭고기,식료품,평,평,비,비,비,평,평,평,성,성,성,평
덴헬데르,유리구슬,공예품,평,평,평,평,평,평,평,평,평,평,평,평
도버,강철,공업품,평,평,평,평,평,평,평,평,평,평,평,평
도버,동판,공업품,평,평,평,평,평,평,평,평,평,평,평,평
도버,양마,섬유,성,성,평,평,평,비,비,비,평,평,평,성
도버,장검,무기류,평,평,평,평,평,평,평,평,평,평,평,평
도파르,꿀,조미료,비,비,평,평,평,성,성,성,평,평,평,비
도파르,밀랍,공업품,평,평,평,평,평,평,평,평,평,평,평,평
도하,곡도,무기류,평,평,평,평,평,평,평,평,평,평,평,평
도하,말,가축,성,성,평,평,평,비,비,비,평,평,평,성
동래,한지,잡화,평,평,평,평,평,평,평,평,평,평,평,평
두알라,석탄,광석,성,성,성,성,성,비,비,비,비,비,성,성
두알라,진주 공예품,공예품,평,평,평,평,평,평,평,평,평,평,평,평
두알라,커피,기호품,성,성,성,성,비,비,비,비,비,비,성,성
디우,겨자,향신료,성,성,성,성,비,비,비,비,비,비,성,성
디우,목화,섬유,평,평,평,평,성,성,성,성,성,성,평,평
디우,사금석,보석,비,비,비,비,성,성,성,성,성,성,비,비
딕손,투창,무기류,평,평,평,평,평,평,평,평,평,평,평,평
딜리,어육,식료품,성,성,성,성,성,평,평,평,평,평,성,성
라구사,올리브기름,조미료,비,비,평,평,평,성,성,성,평,평,평,비
라스팔마스,산호,보석,비,비,평,평,평,성,성,성,평,평,평,비
라스팔마스,설탕,조미료,비,비,평,평,평,성,성,성,평,평,평,비
라스팔마스,염소,가축,성,성,평,평,평,비,비,비,평,평,평,성
라스팔마스,통나무,공업품,평,평,평,평,평,평,평,평,평,평,평,평
런던,강철,공업품,평,평,평,평,평,평,평,평,평,평,평,평
런던,장검,무기류,평,평,평,평,평,평,평,평,평,평,평,평
레이캬비크,양고기,식료품,평,평,평,평,평,평,평,평,평,평,평,평
레이캬비크,양모,섬유,평,평,평,평,평,평,평,평,평,평,평,평
레이캬비크,어육,식료품,평,평,평,평,평,평,평,평,평,평,평,평
롭부리,주석 광석,광석,성,성,성,성,비,비,비,비,비,비,성,성
루안다,금,귀금속,비,비,평,평,평,성,성,성,평,평,평,비
루안다,제라늄,향료,평,평,성,성,성,평,평,평,비,비,비,평
루안다,커피,기호품,평,평,성,성,성,평,평,평,비,비,비,평
뤼베크,석재,공업품,평,평,평,평,평,평,평,평,평,평,평,평
뤼베크,철광석,광석,평,평,성,성,성,평,평,평,비,비,비,평
리가,깃털,섬유,성,성,평,평,평,비,비,비,평,평,평,성
리가,보드카,주류,성,성,평,평,평,비,비,비,평,평,평,성
리마,비쿠냐털,섬유,비,비,평,평,평,성,성,성,평,평,평,비
리마,아보카도,기호품,평,평,성,성,성,평,평,평,비,비,비,평
리마,알파카 털실,섬유,비,비,평,평,평,성,성,성,평,평,평,비
리스본,돌소금,조미료,비,비,평,평,평,성,성,성,평,평,평,비
리스본,아몬드,기호품,평,평,비,비,비,평,평,평,성,성,성,평
리스본,핸드 캐논,총포류,평,평,평,평,평,평,평,평,평,평,평,평
리우데자네이루,금,귀금속,비,비,평,평,평,성,성,성,평,평,평,비
리우데자네이루,아보카도,기호품,평,평,성,성,성,평,평,평,비,비,비,평
리우데자네이루,토파즈,보석,성,성,평,평,평,비,비,비,평,평,평,성
마닐라,구리 광석,광석,성,성,성,성,비,비,비,비,비,비,성,성
마닐라,다목,염료,비,비,비,비,성,성,성,성,성,성,비,비
마닐라,마닐라삼,섬유,평,평,평,평,성,성,성,성,성,성,평,평
마닐라,바나나,기호품,성,성,성,성,비,비,비,비,비,비,성,성
마닐라,설탕봉,조미료,성,성,성,성,평,평,평,평,평,평,성,성
마데이라,건포도,기호품,평,평,비,비,비,평,평,평,성,성,성,평
마데이라,단검,무기류,평,평,평,평,평,평,평,평,평,평,평,평
마데이라,설탕,조미료,비,비,평,평,평,성,성,성,평,평,평,비
마라카이보,금,귀금속,성,성,성,성,성,비,비,비,비,비,성,성
마라카이보,사이잘삼,섬유,평,평,평,평,평,성,성,성,성,성,성,평
마사와,청금석,보석,성,성,평,평,평,비,비,비,평,평,평,성
마실리파트남,강황,염료,비,비,비,비,비,성,성,성,성,성,비,비
마실리파트남,마살라,향신료,성,성,성,성,성,비,비,비,비,비,성,성
마실리파트남,면직물,직물,성,성,성,성,성,비,비,비,비,비,성,성
마실리파트남,생사,섬유,평,평,평,평,평,성,성,성,성,성,평,평
마카사르,노니,의약품,평,평,평,평,평,평,평,평,평,평,평,평
마카사르,소금,조미료,평,평,평,평,평,평,평,평,평,평,평,평
마카오,삼,섬유,성,성,평,평,평,비,비,비,평,평,평,성
마카오,솔먹,잡화,평,평,평,평,평,평,평,평,평,평,평,평
마카오,차,기호품,평,평,비,비,비,평,평,평,성,성,성,평
마히나,어육,식료품,평,평,평,평,평,평,평,평,평,평,평,평
마히나,진주,보석,평,평,평,평,평,평,평,평,평,평,평,평
말라가,마늘,향신료,평,평,성,성,성,평,평,평,비,비,비,평
말라가,사프란,향신료,평,평,성,성,성,평,평,평,비,비,비,평
말라가,아몬드,기호품,평,평,비,비,비,평,평,평,성,성,성,평
말라가,진사,광석,평,평,성,성,성,평,평,평,비,비,비,평
말라카,닭,가축,평,평,평,평,평,평,평,평,평,평,평,평
말라카,망고스틴,염료,평,평,평,평,평,평,평,평,평,평,평,평
말라카,안식향,향료,평,평,평,평,평,평,평,평,평,평,평,평
말레,가다랑어,식료품,성,성,성,성,평,평,평,평,평,평,성,성
말린디,서각,의약품,평,평,비,비,비,평,평,평,성,성,성,평
메리다,감자,식료품,성,성,성,성,성,비,비,비,비,비,성,성
메리다,옥수수,식료품,성,성,성,성,성,비,비,비,비,비,성,성
메리다,치클,기호품,성,성,성,성,성,비,비,비,비,비,성,성
메리다,흑요석 곤봉,무기류,평,평,평,평,평,평,평,평,평,평,평,평
모가디슈,금,귀금속,비,비,평,평,평,성,성,성,평,평,평,비
모가디슈,소금,조미료,성,성,평,평,평,비,비,비,평,평,평,성
모가디슈,월하향,향료,평,평,성,성,성,평,평,평,비,비,비,평
모잠비크,백금,귀금속,비,비,비,비,성,성,성,성,성,성,성,비
모잠비크,서각,의약품,성,성,성,성,평,평,평,평,평,평,평,성
모잠비크,석탄,광석,비,비,비,비,성,성,성,성,성,성,성,비
몽펠리에,당근,식료품,평,평,비,비,비,평,평,평,성,성,성,평
무스카트,공작석,보석,비,비,평,평,평,성,성,성,평,평,평,비
바그다드,청금석,보석,비,비,평,평,평,성,성,성,평,평,평,비
바르도,활,무기류,평,평,평,평,평,평,평,평,평,평,평,평
바르셀로나,철재,공업품,평,평,평,평,평,평,평,평,평,평,평,평
바르셀로나,화승총,총포류,평,평,평,평,평,평,평,평,평,평,평,평
바스라,센나,의약품,평,평,성,성,성,평,평,평,비,비,비,평
바이아,아보카도,기호품,비,비,비,비,성,성,성,성,성,성,성,비
바이아,은,귀금속,비,비,비,비,성,성,성,성,성,성,성,비
바이아,카사바,식료품,비,비,비,비,성,성,성,성,성,성,성,비
반다,다목,염료,평,평,평,평,평,평,평,평,평,평,평,평
반다,망고,기호품,평,평,평,평,평,평,평,평,평,평,평,평
반다,진주,보석,평,평,평,평,평,평,평,평,평,평,평,평
반자르마신,닭,가축,평,평,평,평,평,평,평,평,평,평,평,평
반자르마신,어육,식료품,평,평,평,평,평,평,평,평,평,평,평,평
발렌시아,아몬드,기호품,평,평,비,비,비,평,평,평,성,성,성,평
발렌시아,진사,광석,평,평,성,성,성,평,평,평,비,비,비,평
발파라이소,금,귀금속,비,비,평,평,평,성,성,성,평,평,평,비
발파라이소,사금,귀금속,비,비,평,평,평,성,성,성,평,평,평,비
발파라이소,자철 광석,광석,평,평,비,비,비,평,평,평,성,성,성,평
배로우,게,식료품,평,평,평,평,평,평,평,평,평,평,평,평
배로우,어육,식료품,평,평,평,평,평,평,평,평,평,평,평,평
배서스트,사금,귀금속,성,성,성,성,성,비,비,비,비,비,성,성
배서스트,주석 광석,광석,성,성,성,성,비,비,비,비,비,비,성,성
베네치아,닭고기,식료품,평,평,비,비,비,평,평,평,성,성,성,평
베네치아,레이스,직물,평,평,성,성,성,평,평,평,비,비,비,평
베네치아,유리그릇,공예품,평,평,평,평,평,평,평,평,평,평,평,평
베네치아,후추,향신료,평,평,성,성,성,평,평,평,비,비,비,평
베라크루스,감자,식료품,성,성,성,성,성,비,비,비,비,비,성,성
베라크루스,옥수수,식료품,성,성,성,성,성,비,비,비,비,비,성,성
베라크루스,은,귀금속,성,성,성,성,성,비,비,비,비,비,성,성
베라크루스,치클,기호품,성,성,성,성,성,비,비,비,비,비,성,성
베라크루스,흑요석 곤봉,무기류,평,평,평,평,평,평,평,평,평,평,평,평
베르겐,석재,공업품,평,평,평,평,평,평,평,평,평,평,평,평
베르겐,수정,보석,비,비,평,평,평,성,성,성,평,평,평,비
베이루트,다마스쿠스 강철,공업품,평,평,평,평,평,평,평,평,평,평,평,평
벵가지,몰약,의약품,평,평,성,성,성,평,평,평,비,비,비,평
벵겔라,구리 광석,광석,평,평,비,비,비,평,평,평,성,성,성,평
벵겔라,금세공,공예품,평,평,평,평,평,평,평,평,평,평,평,평
벵겔라,다이아몬드,보석,성,성,평,평,평,비,비,비,평,평,평,성
벵겔라,야자섬유,섬유,비,비,평,평,평,성,성,성,평,평,평,비
보르도,건포도,기호품,평,평,비,비,비,평,평,평,성,성,성,평
보르도,고블랭,직물,평,평,성,성,성,평,평,평,비,비,비,평
보르도,아주라이트,염료,비,비,평,평,평,성,성,성,평,평,평,비
보르도,천일염,조미료,비,비,평,평,평,성,성,성,평,평,평,비
보르도,포도,식료품,평,평,비,비,비,평,평,평,성,성,성,평
보르도,포도주,주류,성,성,평,평,평,비,비,비,평,평,평,성
부에노스아이레스,사금,귀금속,비,비,평,평,평,성,성,성,평,평,평,비
부에노스아이레스,아보카도,기호품,평,평,성,성,성,평,평,평,비,비,비,평
부에노스아이레스,양파,식료품,평,평,비,비,비,평,평,평,성,성,성,평
부에노스아이레스,은,귀금속,비,비,평,평,평,성,성,성,평,평,평,비
북경,컴퍼스,잡화,평,평,평,평,평,평,평,평,평,평,평,평
북경,호필,공예품,평,평,평,평,평,평,평,평,평,평,평,평
브레멘,레이스,직물,평,평,성,성,성,평,평,평,비,비,비,평
브루나이,구리 광석,광석,성,성,성,성,비,비,비,비,비,비,성,성
브루나이,꿀,조미료,성,성,성,성,평,평,평,평,평,평,성,성
브루나이,망고,기호품,성,성,성,성,비,비,비,비,비,비,성,성
브루나이,밀랍,공업품,평,평,평,평,평,평,평,평,평,평,평,평
브루나이,정향,향신료,성,성,성,성,비,비,비,비,비,비,성,성
브루나이,흑단,공업품,평,평,평,평,평,평,평,평,평,평,평,평
브리스톨,탄환,총포류,평,평,평,평,평,평,평,평,평,평,평,평
비사우,소금,조미료,성,성,성,성,평,평,평,평,평,평,성,성
비스뷔,양손검,무기류,평,평,평,평,평,평,평,평,평,평,평,평
빌렘스타트,금,귀금속,성,성,성,성,성,비,비,비,비,비,성,성
빌렘스타트,사이잘삼,섬유,평,평,평,평,평,성,성,성,성,성,성,평
사마라이,금,귀금속,평,평,평,평,평,평,평,평,평,평,평,평
사마라이,산호,보석,평,평,평,평,평,평,평,평,평,평,평,평
사사리,황마,섬유,성,성,평,평,평,비,비,비,평,평,평,성
사우스사이드,땅콩,기호품,성,성,성,성,성,비,비,비,비,비,성,성
사우스사이드,오팔,보석,비,비,비,비,비,성,성,성,성,성,비,비
사우스사이드,커피,기호품,성,성,성,성,성,비,비,비,비,비,성,성
사우스사이드,테킬라,주류,성,성,성,성,성,비,비,비,비,비,성,성
사카이,순백자,공예품,평,평,평,평,평,평,평,평,평,평,평,평
산타섬,설탕봉,조미료,평,평,평,평,평,평,평,평,평,평,평,평
산타섬,양초,잡화,평,평,평,평,평,평,평,평,평,평,평,평
산타섬,염소,가축,평,평,평,평,평,평,평,평,평,평,평,평
산토도밍고,감자,식료품,평,평,평,평,평,평,평,평,평,평,평,평
산토도밍고,단호박,식료품,평,평,평,평,평,평,평,평,평,평,평,평
산토도밍고,담배,기호품,평,평,평,평,평,평,평,평,평,평,평,평
산토도밍고,산호,보석,평,평,평,평,평,평,평,평,평,평,평,평
산토도밍고,산호세공,공예품,평,평,평,평,평,평,평,평,평,평,평,평
산토도밍고,은,귀금속,평,평,평,평,평,평,평,평,평,평,평,평
산티아고,땅콩,기호품,성,성,성,성,성,비,비,비,비,비,성,성
산티아고,바닐라,향신료,성,성,성,성,성,비,비,비,비,비,성,성
산티아고,사금,귀금속,성,성,성,성,성,비,비,비,비,비,성,성
산티아고,카카오,기호품,성,성,성,성,성,비,비,비,비,비,성,성
산후안,단호박,식료품,성,성,성,성,평,평,평,평,평,평,성,성
산후안,럼,주류,성,성,성,성,비,비,비,비,비,비,성,성
산후안,사금,귀금속,성,성,성,성,비,비,비,비,비,비,성,성
산후안,카카오,기호품,성,성,성,성,비,비,비,비,비,비,성,성
상투메,비도,무기류,평,평,평,평,평,평,평,평,평,평,평,평
상투메,야자섬유,섬유,평,평,평,평,성,성,성,성,성,성,평,평
상투메,진주 공예품,공예품,평,평,평,평,평,평,평,평,평,평,평,평
상트페테르부르크,보드카,주류,성,성,평,평,평,비,비,비,평,평,평,성
서안,삼,섬유,성,성,평,평,평,비,비,비,평,평,평,성
서안,수레,잡화,평,평,평,평,평,평,평,평,평,평,평,평
세비야,수은,공업품,평,평,평,평,평,평,평,평,평,평,평,평
세비야,탄환,총포류,평,평,평,평,평,평,평,평,평,평,평,평
세비야,화승총,총포류,평,평,평,평,평,평,평,평,평,평,평,평
세우타,황마,섬유,성,성,평,평,평,비,비,비,평,평,평,성
소다섬,공작석,보석,성,성,성,성,성,성,성,성,성,성,성,성
소다섬,다이아몬드,보석,성,성,성,성,성,성,성,성,성,성,성,성
소다섬,마노,보석,성,성,성,성,성,성,성,성,성,성,성,성
소다섬,토파즈,보석,성,성,성,성,성,성,성,성,성,성,성,성
소코트라,용연향,향료,평,평,비,비,비,평,평,평,성,성,성,평
소코트라,자철 광석,광석,평,평,성,성,성,평,평,평,비,비,비,평
소팔라,백금,귀금속,비,비,비,비,성,성,성,성,성,성,성,비
소팔라,산호,보석,성,성,성,성,비,비,비,비,비,비,비,성
수라바야,크리스,무기류,평,평,평,평,평,평,평,평,평,평,평,평
수바,개오지,잡화,평,평,평,평,평,평,평,평,평,평,평,평
수바,진주,보석,평,평,평,평,평,평,평,평,평,평,평,평
스톡홀름,양손검,무기류,평,평,평,평,평,평,평,평,평,평,평,평
스트라스부르,도자기,공예품,평,평,평,평,평,평,평,평,평,평,평,평
시라즈,곡도,무기류,평,평,평,평,평,평,평,평,평,평,평,평
시라즈,말,가축,성,성,평,평,평,비,비,비,평,평,평,성
시라즈,센나,의약품,평,평,성,성,성,평,평,평,비,비,비,평
시에라리온,비도,무기류,평,평,평,평,평,평,평,평,평,평,평,평
시에라리온,커피,기호품,성,성,성,성,비,비,비,비,비,비,성,성
실론,계피,향신료,평,평,평,평,평,평,평,평,평,평,평,평
실론,월장석,보석,평,평,평,평,평,평,평,평,평,평,평,평
실론,카다멈,향신료,평,평,평,평,평,평,평,평,평,평,평,평
아덴,석재,공업품,평,평,평,평,평,평,평,평,평,평,평,평
아덴,용연향,향료,평,평,비,비,비,평,평,평,성,성,성,평
아르긴,금,귀금속,성,성,평,평,평,비,비,비,평,평,평,성
아르긴,비도,무기류,평,평,평,평,평,평,평,평,평,평,평,평
아르긴,어육,식료품,평,평,비,비,비,평,평,평,성,성,성,평
아르긴,커피,기호품,평,평,비,비,비,평,평,평,성,성,성,평
아르한겔스크,거위,가축,성,성,평,평,평,비,비,비,평,평,평,성
아비앗,어육,식료품,평,평,비,비,비,평,평,평,성,성,성,평
아비앗,칠면조,가축,성,성,평,평,평,비,비,비,평,평,평,성
아비장,사금,귀금속,비,비,비,비,성,성,성,성,성,성,성,비
아비장,철광석,광석,비,비,비,비,성,성,성,성,성,성,성,비
아조레스,단검,무기류,평,평,평,평,평,평,평,평,평,평,평,평
아조레스,설탕,조미료,비,비,평,평,평,성,성,성,평,평,평,비
아조레스,소금,조미료,비,비,평,평,평,성,성,성,평,평,평,비
아조레스,통나무,공업품,평,평,평,평,평,평,평,평,평,평,평,평
아체,금 식기,공예품,평,평,평,평,평,평,평,평,평,평,평,평
아체,닭고기,식료품,평,평,평,평,평,평,평,평,평,평,평,평
아체,망고스틴,염료,평,평,평,평,평,평,평,평,평,평,평,평
아카풀코,고추,향신료,평,평,성,성,성,평,평,평,비,비,비,평
아카풀코,은,귀금속,성,성,성,성,성,비,비,비,비,비,성,성
아카풀코,토마토,식료품,성,성,성,성,성,평,평,평,평,평,성,성
아테네,창,무기류,평,평,평,평,평,평,평,평,평,평,평,평
아투오나,바닐라,향신료,평,평,평,평,평,평,평,평,평,평,평,평
아투오나,사금,귀금속,평,평,평,평,평,평,평,평,평,평,평,평
아투오나,산호,보석,평,평,평,평,평,평,평,평,평,평,평,평
아투오나,진주,보석,평,평,평,평,평,평,평,평,평,평,평,평
안탈리아,마늘,향신료,평,평,성,성,성,평,평,평,비,비,비,평
안탈리아,양고기,식료품,평,평,비,비,비,평,평,평,성,성,성,평
알렉산드리아,마늘,향신료,평,평,성,성,성,평,평,평,비,비,비,평
알렉산드리아,몰약,의약품,평,평,성,성,성,평,평,평,비,비,비,평
알렉산드리아,후추,향신료,평,평,성,성,성,평,평,평,비,비,비,평
알제,양마,섬유,성,성,평,평,평,비,비,비,평,평,평,성
알제,진사,광석,평,평,성,성,성,평,평,평,비,비,비,평
알제,철광석,광석,평,평,성,성,성,평,평,평,비,비,비,평
암본,자단,공업품,평,평,평,평,평,평,평,평,평,평,평,평
암본,흑단,공업품,평,평,평,평,평,평,평,평,평,평,평,평
암스테르담,유리구슬,공예품,평,평,평,평,평,평,평,평,평,평,평,평
암스테르담,철재,공업품,평,평,평,평,평,평,평,평,평,평,평,평
앤트워프,레이스,직물,평,평,성,성,성,평,평,평,비,비,비,평
어널래스카,게,식료품,평,평,비,비,비,평,평,평,성,성,성,평
어널래스카,투창,무기류,평,평,평,평,평,평,평,평,평,평,평,평
에도,유자,향신료,평,평,성,성,성,평,평,평,비,비,비,평
에도,은,귀금속,성,성,평,평,평,평,평,비,평,평,평,성
에든버러,석탄,광석,평,평,성,성,성,평,평,평,비,비,비,평
에든버러,양모,섬유,성,성,평,평,평,비,비,비,평,평,평,성
엘미나,사금,귀금속,비,비,비,비,성,성,성,성,성,성,성,비
엘미나,야자섬유,섬유,성,성,성,성,평,평,평,평,평,평,평,성
연운,호필,공예품,평,평,평,평,평,평,평,평,평,평,평,평
영일,인삼,의약품,평,평,성,성,성,평,평,평,비,비,비,평
오데사,아니스,의약품,평,평,성,성,성,평,평,평,비,비,비,평
오론,고추,향신료,평,평,성,성,성,평,평,평,비,비,비,평
오론,사금,귀금속,성,성,평,평,평,비,비,비,평,평,평,성
오슬로,목재,공업품,평,평,평,평,평,평,평,평,평,평,평,평
오슬로,석재,공업품,평,평,평,평,평,평,평,평,평,평,평,평
오슬로,수정,보석,비,비,평,평,평,성,성,성,평,평,평,비
오호츠크,게,식료품,평,평,비,비,비,평,평,평,성,성,성,평
오호츠크,어육,식료품,평,평,비,비,비,평,평,평,성,성,성,평
왕거누이,꿀,조미료,성,성,평,평,평,비,비,비,평,평,평,성
왕거누이,밀랍,공업품,평,평,평,평,평,평,평,평,평,평,평,평
왕거누이,산호,보석,성,성,평,평,평,비,비,비,평,평,평,성
왕거누이,진주,보석,성,성,평,평,평,비,비,비,평,평,평,성
우수아이아,어육,식료품,평,평,평,평,평,평,평,평,평,평,평,평
우수아이아,창,무기류,평,평,평,평,평,평,평,평,평,평,평,평
율도,어육,식료품,평,평,평,평,평,평,평,평,평,평,평,평
율도,조선 활,무기류,평,평,평,평,평,평,평,평,평,평,평,평
이스탄불,올리브기름,조미료,비,비,평,평,평,성,성,성,평,평,평,비
이스탄불,융단,직물,평,평,성,성,성,평,평,평,비,비,비,평
자다르,닭,가축,성,성,평,평,평,비,비,비,평,평,평,성
자카르타,구리 광석,광석,평,평,평,평,평,평,평,평,평,평,평,평
자카르타,노니,의약품,평,평,평,평,평,평,평,평,평,평,평,평
자카르타,주석 광석,광석,평,평,평,평,평,평,평,평,평,평,평,평
자카르타,크리스,무기류,평,평,평,평,평,평,평,평,평,평,평,평
자카르타,흑단,공업품,평,평,평,평,평,평,평,평,평,평,평,평
잔지바르,공작석,보석,성,성,평,평,평,비,비,비,평,평,평,성
잔지바르,금,귀금속,비,비,평,평,평,성,성,성,평,평,평,비
잔지바르,밀랍,공업품,평,평,평,평,평,평,평,평,평,평,평,평
잔지바르,월하향,향료,평,평,성,성,성,평,평,평,비,비,비,평
제노바,레이스,직물,평,평,성,성,성,평,평,평,비,비,비,평
제노바,은 식기,공예품,평,평,평,평,평,평,평,평,평,평,평,평
제다,곡도,무기류,평,평,평,평,평,평,평,평,평,평,평,평
제다,양고기,식료품,평,평,비,비,비,평,평,평,성,성,성,평
제주,자근,염료,비,비,평,평,평,성,성,성,평,평,평,비
중경,대나무,공업품,평,평,평,평,평,평,평,평,평,평,평,평
중경,팔각,향신료,평,평,성,성,성,평,평,평,비,비,비,평
천주,대나무,공업품,평,평,평,평,평,평,평,평,평,평,평,평
체르스키,게,식료품,평,평,비,비,비,평,평,평,성,성,성,평
체르스키,어육,식료품,평,평,비,비,비,평,평,평,성,성,성,평
카나크,게,식료품,평,평,평,평,평,평,평,평,평,평,평,평
카나크,어육,식료품,평,평,평,평,평,평,평,평,평,평,평,평
카라카스,사이잘삼,섬유,평,평,평,평,평,성,성,성,성,성,성,평
카라카스,오팔,보석,비,비,비,비,비,성,성,성,성,성,비,비
카라카스,철광석,광석,성,성,성,성,성,비,비,비,비,비,성,성
카르타헤나,금,귀금속,성,성,성,성,성,비,비,비,비,비,성,성
카르타헤나,마떼,기호품,성,성,성,성,성,비,비,비,비,비,성,성
카르타헤나,아보카도,기호품,성,성,성,성,성,비,비,비,비,비,성,성
카리비브,다이아몬드,보석,성,성,평,평,평,비,비,비,평,평,평,성
카리비브,오렌지,식료품,평,평,성,성,성,평,평,평,비,비,비,평
카리비브,제라늄,향료,평,평,성,성,성,평,평,평,비,비,비,평
카보베르데,설탕,조미료,비,비,평,평,평,성,성,성,평,평,평,비
카보베르데,진주 공예품,공예품,평,평,평,평,평,평,평,평,평,평,평,평
카사블랑카,용연향,향료,평,평,비,비,비,평,평,평,성,성,성,평
카옌,산호세공,공예품,평,평,평,평,평,평,평,평,평,평,평,평
카옌,카사바,식료품,평,평,평,평,평,평,평,평,평,평,평,평
카옌,토파즈,보석,평,평,평,평,평,평,평,평,평,평,평,평
카이로,양파,식료품,평,평,비,비,비,평,평,평,성,성,성,평
카카투와,감람석,보석,성,성,성,성,비,비,비,비,비,비,비,성
카카투와,부메랑,무기류,평,평,평,평,평,평,평,평,평,평,평,평
카카투와,유칼립투스,향료,성,성,성,성,평,평,평,평,평,평,평,성
카탄가,어육,식료품,평,평,비,비,비,평,평,평,성,성,성,평
카탄가 (확인 필요),양모,섬유,성,성,평,평,평,비,비,비,평,평,평,성
칸디아,올리브기름,조미료,비,비,평,평,평,성,성,성,평,평,평,비
칼레,고블랭,직물,평,평,성,성,성,평,평,평,비,비,비,평
칼레,아주라이트,염료,비,비,평,평,평,성,성,성,평,평,평,비
칼레,활,무기류,평,평,평,평,평,평,평,평,평,평,평,평
칼리마니,백금,귀금속,비,비,비,비,성,성,성,성,성,성,성,비
칼비,도자기,공예품,평,평,평,평,평,평,평,평,평,평,평,평
캘리컷,생강,향신료,성,성,성,성,비,비,비,비,비,비,성,성
캘리컷,인디고,염료,비,비,비,비,성,성,성,성,성,성,비,비
캘리컷,후추,향신료,성,성,성,성,비,비,비,비,비,비,성,성
캘커타,마살라,향신료,성,성,성,성,성,비,비,비,비,비,성,성
캘커타,면직물,직물,성,성,성,성,성,비,비,비,비,비,성,성
캘커타,비단,직물,성,성,성,성,성,비,비,비,비,비,성,성
캘커타,생사,섬유,평,평,평,평,평,성,성,성,성,성,평,평
캘커타,카다멈,향신료,성,성,성,성,성,비,비,비,비,비,성,성
캠브리지 베이,게,식료품,평,평,평,평,평,평,평,평,평,평,평,평
캠브리지 베이,어육,식료품,평,평,평,평,평,평,평,평,평,평,평,평
케르치,당근,식료품,평,평,비,비,비,평,평,평,성,성,성,평
케이프타운,다이아몬드,보석,성,성,평,평,평,비,비,비,평,평,평,성
케이프타운,사금,귀금속,비,비,평,평,평,성,성,성,평,평,평,비
케이프타운,제라늄,향료,평,평,성,성,성,평,평,평,비,비,비,평
케이프타운,주석 광석,광석,평,평,비,비,비,평,평,평,성,성,성,평
켈리마느,모피,섬유,성,성,성,성,평,평,평,평,평,평,평,성
켈리마느,오렌지,식료품,평,평,평,평,성,성,성,성,성,성,성,평
켈리마느,초석,광석,비,비,비,비,성,성,성,성,성,성,성,비
코르프,게,식료품,평,평,비,비,비,평,평,평,성,성,성,평
코르프,창,무기류,평,평,평,평,평,평,평,평,평,평,평,평
코친,겨자,향신료,성,성,성,성,비,비,비,비,비,비,성,성
코친,목화,섬유,평,평,평,평,성,성,성,성,성,성,평,평
코친,인디고,염료,비,비,비,비,성,성,성,성,성,성,비,비
코친,후추,향신료,성,성,성,성,비,비,비,비,비,비,성,성
코콜라,깃털,섬유,성,성,평,평,평,비,비,비,평,평,평,성
코콜라,링곤베리,의약품,평,평,평,평,평,평,평,평,평,평,평,평
코펜하겐,공단,직물,평,평,평,평,평,평,평,평,평,평,평,평
코피아포,알파카 털실,섬유,비,비,평,평,평,성,성,성,평,평,평,비
코피아포,은,귀금속,비,비,평,평,평,성,성,성,평,평,평,비
코하셋,마노,보석,비,비,평,평,평,성,성,성,평,평,평,비
코하셋,칠면조,가축,성,성,평,평,평,비,비,비,평,평,평,성
코하셋,크랜베리,기호품,평,평,비,비,비,평,평,평,성,성,성,평
쾰른,강철,공업품,평,평,평,평,평,평,평,평,평,평,평,평
쾰른,양손검,무기류,평,평,평,평,평,평,평,평,평,평,평,평
쿠칭,노니,의약품,평,평,평,평,평,평,평,평,평,평,평,평
쿠칭,석탄,광석,평,평,평,평,평,평,평,평,평,평,평,평
쿠칭,정향,향신료,평,평,평,평,평,평,평,평,평,평,평,평
쿠칭,철광석,광석,평,평,평,평,평,평,평,평,평,평,평,평
쿠칭,철재,공업품,평,평,평,평,평,평,평,평,평,평,평,평
킬와,금,귀금속,비,비,비,비,성,성,성,성,성,성,성,비
타간로크,아니스,의약품,평,평,성,성,성,평,평,평,비,비,비,평
타마타브,모피,섬유,평,평,평,평,평,평,평,평,평,평,평,평
타마타브,사금,귀금속,평,평,평,평,평,평,평,평,평,평,평,평
타마타브,월하향,향료,평,평,평,평,평,평,평,평,평,평,평,평
타이난,등,공업품,평,평,평,평,평,평,평,평,평,평,평,평
타이난,설탕봉,조미료,비,비,평,평,평,성,성,성,평,평,평,비
터코마,구리 광석,광석,평,평,성,성,성,평,평,평,비,비,비,평
터코마,금,귀금속,성,성,평,평,평,비,비,비,평,평,평,성
테르나테,노니,의약품,평,평,평,평,평,평,평,평,평,평,평,평
테르나테,다목,염료,평,평,평,평,평,평,평,평,평,평,평,평
툼베스,금,귀금속,비,비,평,평,평,성,성,성,평,평,평,비
트라브존,건포도,기호품,평,평,비,비,비,평,평,평,성,성,성,평
트라브존,융단,직물,평,평,성,성,성,평,평,평,비,비,비,평
트루히요,감자,식료품,평,평,평,평,평,평,평,평,평,평,평,평
트루히요,생강,향신료,평,평,평,평,평,평,평,평,평,평,평,평
트루히요,흑요석 곤봉,무기류,평,평,평,평,평,평,평,평,평,평,평,평
트리폴리,양초,잡화,평,평,평,평,평,평,평,평,평,평,평,평
팀북투,금,귀금속,성,성,평,평,평,비,비,비,평,평,평,성
팀북투,금세공,공예품,평,평,평,평,평,평,평,평,평,평,평,평
팀북투,다이아몬드,보석,비,비,평,평,평,성,성,성,평,평,평,비
팀북투,사금,귀금속,성,성,평,평,평,비,비,비,평,평,평,성
파나마,고추,향신료,평,평,평,평,평,평,평,평,평,평,평,평
파나마,금,귀금속,평,평,평,평,평,평,평,평,평,평,평,평
파나마,비쿠냐털,섬유,평,평,평,평,평,평,평,평,평,평,평,평
파나마,옥수수,식료품,평,평,평,평,평,평,평,평,평,평,평,평
파나마,토마토,식료품,평,평,평,평,평,평,평,평,평,평,평,평
파루,닭고기,식료품,평,평,비,비,비,평,평,평,성,성,성,평
파루,돼지,가축,성,성,평,평,평,비,비,비,평,평,평,성
파사이,안식향,향료,평,평,평,평,평,평,평,평,평,평,평,평
파사이,자단,공업품,평,평,평,평,평,평,평,평,평,평,평,평
팔렘방,금 식기,공예품,평,평,평,평,평,평,평,평,평,평,평,평
팔렘방,진주,보석,평,평,평,평,평,평,평,평,평,평,평,평
팔마,아몬드,기호품,평,평,비,비,비,평,평,평,성,성,성,평
페구,비단,직물,평,평,평,평,평,평,평,평,평,평,평,평
페구,비취,보석,평,평,평,평,평,평,평,평,평,평,평,평
페구,월장석,보석,평,평,평,평,평,평,평,평,평,평,평,평
페르남부쿠,아보카도,기호품,비,비,비,비,성,성,성,성,성,성,성,비
페르남부쿠,카카오,기호품,비,비,비,비,성,성,성,성,성,성,성,비
포르토벨로,닭,가축,평,평,평,평,평,평,평,평,평,평,평,평
포르토벨로,옥수수,식료품,평,평,평,평,평,평,평,평,평,평,평,평
포르토벨로,은,귀금속,평,평,평,평,평,평,평,평,평,평,평,평
포르토벨로,흑요석 곤봉,무기류,평,평,평,평,평,평,평,평,평,평,평,평
포르투,핸드 캐논,총포류,평,평,평,평,평,평,평,평,평,평,평,평
포를라마르,마떼,기호품,성,성,성,성,성,비,비,비,비,비,성,성
포를라마르,오팔,보석,비,비,비,비,비,성,성,성,성,성,비,비
포트로열,감자,식료품,성,성,성,성,성,비,비,비,비,비,성,성
포트로열,담배,기호품,성,성,성,성,성,비,비,비,비,비,성,성
포트로열,땅콩,기호품,성,성,성,성,성,비,비,비,비,비,성,성
포트로열,사금,귀금속,성,성,성,성,성,비,비,비,비,비,성,성
포트로열,테킬라,주류,성,성,성,성,성,비,비,비,비,비,성,성
포트피리,부메랑,무기류,평,평,평,평,평,평,평,평,평,평,평,평
포트피리,핑크 다이아몬드,보석,성,성,평,평,평,비,비,비,평,평,평,성
퐁디셰리,강황,염료,비,비,비,비,비,성,성,성,성,성,비,비
퐁디셰리,계피,향신료,성,성,성,성,성,비,비,비,비,비,성,성
프라이아,설탕,조미료,비,비,평,평,평,성,성,성,평,평,평,비
프레이노코르,돼지,가축,평,평,평,평,평,평,평,평,평,평,평,평
프레이노코르,생사,섬유,평,평,평,평,평,평,평,평,평,평,평,평
프레이노코르,안식향,향료,평,평,평,평,평,평,평,평,평,평,평,평
플리머스,강철,공업품,평,평,평,평,평,평,평,평,평,평,평,평
플리머스,장검,무기류,평,평,평,평,평,평,평,평,평,평,평,평
플리머스,주석 광석,광석,평,평,성,성,성,평,평,평,비,비,비,평
피사,도자기,공예품,평,평,평,평,평,평,평,평,평,평,평,평
핀자라,금,귀금속,비,비,평,평,평,성,성,성,평,평,평,비
핀자라,소금,조미료,성,성,평,평,평,비,비,비,평,평,평,성
핀자라,유칼립투스,향료,평,평,성,성,성,평,평,평,비,비,비,평
핀자라,철광석,광석,평,평,평,평,평,평,평,평,평,평,평,평
핀자라,핑크 다이아몬드,보석,성,성,평,평,평,비,비,비,평,평,평,성
하바나,담배,기호품,성,성,성,성,성,비,비,비,비,비,성,성
하바나,럼,주류,성,성,성,성,성,비,비,비,비,비,성,성
하바나,마노,보석,비,비,비,비,비,성,성,성,성,성,비,비
하바나,카카오,기호품,성,성,성,성,성,비,비,비,비,비,성,성
하바나,커피,기호품,성,성,성,성,성,비,비,비,비,비,성,성
하바나,테킬라,주류,성,성,성,성,성,비,비,비,비,비,성,성
한양,인삼,의약품,평,평,성,성,성,평,평,평,비,비,비,평
한양,조선 활,무기류,평,평,평,평,평,평,평,평,평,평,평,평
한양,초롱,잡화,평,평,평,평,평,평,평,평,평,평,평,평
함부르크,동판,공업품,평,평,평,평,평,평,평,평,평,평,평,평
함부르크,양마,섬유,성,성,평,평,평,비,비,비,평,평,평,성
함부르크,주석 광석,광석,평,평,성,성,성,평,평,평,비,비,비,평
항주,차,기호품,평,평,비,비,비,평,평,평,성,성,성,평
호르무즈,생강,향신료,평,평,성,성,성,평,평,평,비,비,비,평
호르무즈,양고기,식료품,평,평,비,비,비,평,평,평,성,성,성,평
호르무즈,올리브기름,조미료,비,비,평,평,평,성,성,성,평,평,평,비
호르무즈,청금석,보석,비,비,평,평,평,성,성,성,평,평,평,비
호바트,꿀,조미료,성,성,평,평,평,비,비,비,평,평,평,성
호바트,마누카,의약품,평,평,평,평,평,평,평,평,평,평,평,평
호바트,밀랍,공업품,평,평,평,평,평,평,평,평,평,평,평,평
호바트,은,귀금속,비,비,평,평,평,성,성,성,평,평,평,비
홀로,마닐라삼,섬유,평,평,평,평,성,성,성,성,성,성,평,평
홀로,정향,향신료,성,성,성,성,비,비,비,비,비,비,성,성
히혼,돼지,가축,성,성,평,평,평,비,비,비,평,평,평,성
히혼,탄환,총포류,평,평,평,평,평,평,평,평,평,평,평,평
